time,asset,yes,no,event,pnl
03/26 15:10:23,SOL,0.835,0.165,*** BUY YES @ 83.50% ***,
03/26 15:10:26,SOL,0.835,0.165,holding,
03/26 15:10:28,SOL,0.845,0.155,holding,
03/26 15:10:30,SOL,0.845,0.155,holding,
03/26 15:10:33,SOL,0.845,0.155,holding,
03/26 15:10:35,SOL,0.845,0.155,holding,
03/26 15:10:37,SOL,0.865,0.135,holding,
03/26 15:10:39,SOL,0.85,0.15,holding,
03/26 15:10:42,SOL,0.755,0.245,holding,
03/26 15:10:44,SOL,0.735,0.265,holding,
03/26 15:10:46,SOL,0.735,0.265,holding,
03/26 15:10:49,SOL,0.775,0.225,holding,
03/26 15:10:51,SOL,0.775,0.225,holding,
03/26 15:10:53,SOL,0.785,0.215,holding,
03/26 15:10:55,SOL,0.785,0.215,holding,
03/26 15:10:58,SOL,0.745,0.255,holding,
03/26 15:11:00,SOL,0.745,0.255,holding,
03/26 15:11:02,SOL,0.755,0.245,holding,
03/26 15:11:05,SOL,0.755,0.245,holding,
03/26 15:11:07,SOL,0.755,0.245,holding,
03/26 15:11:09,SOL,0.755,0.245,holding,
03/26 15:11:11,SOL,0.76,0.24,holding,
03/26 15:11:14,SOL,0.765,0.235,holding,
03/26 15:11:16,SOL,0.765,0.235,holding,
03/26 15:11:18,SOL,0.755,0.245,holding,
03/26 15:11:20,SOL,0.755,0.245,holding,
03/26 15:11:23,SOL,0.755,0.245,holding,
03/26 15:11:26,SOL,0.765,0.235,holding,
03/26 15:11:28,SOL,0.765,0.235,holding,
03/26 15:11:30,SOL,0.765,0.235,holding,
03/26 15:11:33,SOL,0.765,0.23,holding,
03/26 15:11:35,SOL,0.765,0.235,holding,
03/26 15:11:37,SOL,0.765,0.235,holding,
03/26 15:11:39,SOL,0.77,0.23,holding,
03/26 15:11:42,SOL,0.775,0.225,holding,
03/26 15:11:44,SOL,0.775,0.225,holding,
03/26 15:11:46,SOL,0.775,0.225,holding,
03/26 15:11:48,SOL,0.785,0.215,holding,
03/26 15:11:51,BTC,0.185,0.815,*** BUY NO @ 81.50% ***,
03/26 15:11:52,SOL,0.8,0.2,holding,
03/26 15:11:54,BTC,0.195,0.805,holding,
03/26 15:11:54,SOL,0.8,0.2,holding,
03/26 15:11:56,BTC,0.185,0.815,holding,
03/26 15:11:56,SOL,0.81,0.18,holding,
03/26 15:11:58,BTC,0.205,0.795,holding,
03/26 15:11:59,SOL,0.835,0.165,holding,
03/26 15:12:01,BTC,0.225,0.775,holding,
03/26 15:12:01,SOL,0.845,0.155,holding,
03/26 15:12:03,BTC,0.205,0.795,holding,
03/26 15:12:03,SOL,0.845,0.155,holding,
03/26 15:12:05,BTC,0.205,0.795,holding,
03/26 15:12:06,SOL,0.845,0.155,holding,
03/26 15:12:08,BTC,0.185,0.815,holding,
03/26 15:12:08,SOL,0.855,0.145,holding,
03/26 15:12:10,BTC,0.185,0.815,holding,
03/26 15:12:10,SOL,0.855,0.145,holding,
03/26 15:12:13,BTC,0.195,0.805,holding,
03/26 15:12:13,SOL,0.865,0.135,holding,
03/26 15:12:15,BTC,0.205,0.795,holding,
03/26 15:12:15,SOL,0.865,0.135,holding,
03/26 15:12:17,BTC,0.225,0.775,holding,
03/26 15:12:17,SOL,0.865,0.135,holding,
03/26 15:12:19,BTC,0.21,0.795,holding,
03/26 15:12:20,SOL,0.865,0.135,holding,
03/26 15:12:22,BTC,0.195,0.805,holding,
03/26 15:12:22,SOL,0.865,0.135,holding,
03/26 15:12:24,BTC,0.275,0.725,holding,
03/26 15:12:25,SOL,0.885,0.115,holding,
03/26 15:12:27,BTC,0.305,0.695,holding,
03/26 15:12:27,SOL,0.895,0.105,holding,
03/26 15:12:29,BTC,0.305,0.695,holding,
03/26 15:12:29,SOL,0.905,0.095,holding,
03/26 15:12:31,BTC,0.285,0.715,holding,
03/26 15:12:32,SOL,0.9,0.1,holding,
03/26 15:12:34,BTC,0.185,0.815,holding,
03/26 15:12:34,SOL,0.875,0.125,holding,
03/26 15:12:36,BTC,0.165,0.835,holding,
03/26 15:12:36,SOL,0.875,0.125,holding,
03/26 15:12:38,BTC,0.165,0.835,holding,
03/26 15:12:38,SOL,0.885,0.115,holding,
03/26 15:12:41,BTC,0.115,0.885,holding,
03/26 15:12:41,SOL,0.845,0.155,holding,
03/26 15:12:43,BTC,0.125,0.875,holding,
03/26 15:12:44,ETH,0.165,0.835,*** BUY NO @ 83.50% ***,
03/26 15:12:44,SOL,0.885,0.115,holding,
03/26 15:12:46,BTC,0.185,0.815,holding,
03/26 15:12:46,ETH,0.235,0.765,holding,
03/26 15:12:46,SOL,0.885,0.115,holding,
03/26 15:12:49,BTC,0.195,0.805,holding,
03/26 15:12:49,ETH,0.24,0.76,holding,
03/26 15:12:49,SOL,0.895,0.1,holding,
03/26 15:12:51,BTC,0.215,0.785,holding,
03/26 15:12:51,ETH,0.245,0.755,holding,
03/26 15:12:51,SOL,0.915,0.085,holding,
03/26 15:12:53,BTC,0.245,0.755,holding,
03/26 15:12:54,ETH,0.315,0.68,holding,
03/26 15:12:54,SOL,0.935,0.065,holding,
03/26 15:12:56,BTC,0.265,0.725,holding,
03/26 15:12:56,ETH,0.355,0.645,holding,
03/26 15:12:56,SOL,0.955,0.045,holding,
03/26 15:12:58,BTC,0.315,0.685,holding,
03/26 15:12:58,ETH,0.345,0.655,holding,
03/26 15:12:58,SOL,0.955,0.045,holding,
03/26 15:13:01,BTC,0.285,0.715,holding,
03/26 15:13:01,ETH,0.26,0.74,holding,
03/26 15:13:01,SOL,0.935,0.065,holding,
03/26 15:13:03,BTC,0.275,0.725,holding,
03/26 15:13:03,ETH,0.255,0.745,holding,
03/26 15:13:03,SOL,0.935,0.065,holding,
03/26 15:13:05,BTC,0.275,0.725,holding,
03/26 15:13:05,ETH,0.255,0.745,holding,
03/26 15:13:06,SOL,0.935,0.065,holding,
03/26 15:13:08,BTC,0.355,0.645,holding,
03/26 15:13:08,ETH,0.395,0.62,holding,
03/26 15:13:08,SOL,0.955,0.045,holding,
03/26 15:13:10,BTC,0.265,0.735,holding,
03/26 15:13:10,ETH,0.275,0.725,holding,
03/26 15:13:10,SOL,0.945,0.055,holding,
03/26 15:13:13,BTC,0.265,0.735,holding,
03/26 15:13:13,ETH,0.295,0.705,holding,
03/26 15:13:13,SOL,0.945,0.055,holding,
03/26 15:13:15,BTC,0.255,0.745,holding,
03/26 15:13:15,ETH,0.295,0.705,holding,
03/26 15:13:15,SOL,0.945,0.055,holding,
03/26 15:13:17,BTC,0.265,0.735,holding,
03/26 15:13:18,ETH,0.295,0.705,holding,
03/26 15:13:18,SOL,0.945,0.055,holding,
03/26 15:13:20,BTC,0.255,0.755,holding,
03/26 15:13:20,ETH,0.295,0.705,holding,
03/26 15:13:20,SOL,0.945,0.055,holding,
03/26 15:13:22,BTC,0.245,0.755,holding,
03/26 15:13:23,ETH,0.285,0.715,holding,
03/26 15:13:23,SOL,0.945,0.055,holding,
03/26 15:13:25,BTC,0.255,0.745,holding,
03/26 15:13:25,ETH,0.28,0.72,holding,
03/26 15:13:25,SOL,0.945,0.055,holding,
03/26 15:13:27,BTC,0.25,0.75,holding,
03/26 15:13:27,ETH,0.275,0.725,holding,
03/26 15:13:27,SOL,0.945,0.055,holding,
03/26 15:13:30,BTC,0.25,0.755,holding,
03/26 15:13:30,ETH,0.275,0.725,holding,
03/26 15:13:30,SOL,0.945,0.055,holding,
03/26 15:13:32,BTC,0.275,0.735,holding,
03/26 15:13:32,ETH,0.275,0.725,holding,
03/26 15:13:32,SOL,0.945,0.055,holding,
03/26 15:13:35,BTC,0.38,0.625,holding,
03/26 15:13:35,ETH,0.275,0.725,holding,
03/26 15:13:35,SOL,0.945,0.055,holding,
03/26 15:13:37,BTC,0.4,0.6,holding,
03/26 15:13:37,ETH,0.29,0.71,holding,
03/26 15:13:37,SOL,0.955,0.045,holding,
03/26 15:13:39,BTC,0.4,0.6,holding,
03/26 15:13:39,ETH,0.345,0.655,holding,
03/26 15:13:40,SOL,0.955,0.045,holding,
03/26 15:13:42,BTC,0.43,0.57,holding,
03/26 15:13:42,ETH,0.395,0.605,holding,
03/26 15:13:42,SOL,0.955,0.045,holding,
03/26 15:13:44,BTC,0.455,0.55,holding,
03/26 15:13:44,ETH,0.425,0.575,holding,
03/26 15:13:45,SOL,0.96,0.04,holding,
03/26 15:13:47,BTC,0.365,0.635,holding,
03/26 15:13:47,ETH,0.355,0.645,holding,
03/26 15:13:47,SOL,0.965,0.035,holding,
03/26 15:13:49,BTC,0.305,0.695,holding,
03/26 15:13:49,ETH,0.2,0.805,holding,
03/26 15:13:49,SOL,0.94,0.06,holding,
03/26 15:13:52,BTC,0.29,0.71,holding,
03/26 15:13:52,ETH,0.295,0.705,holding,
03/26 15:13:52,SOL,0.965,0.035,holding,
03/26 15:13:54,BTC,0.285,0.715,holding,
03/26 15:13:55,ETH,0.285,0.715,holding,
03/26 15:13:55,SOL,0.965,0.035,holding,
03/26 15:13:57,BTC,0.285,0.715,holding,
03/26 15:13:57,ETH,0.275,0.725,holding,
03/26 15:13:57,SOL,0.965,0.035,holding,
03/26 15:13:59,BTC,0.275,0.725,holding,
03/26 15:13:59,ETH,0.255,0.745,holding,
03/26 15:14:00,SOL,0.97,0.03,holding,
03/26 15:14:02,BTC,0.235,0.765,holding,
03/26 15:14:02,ETH,0.155,0.845,holding,
03/26 15:14:02,SOL,0.955,0.045,holding,
03/26 15:14:05,BTC,0.205,0.795,holding,
03/26 15:14:05,ETH,0.145,0.855,holding,
03/26 15:14:05,SOL,0.965,0.035,holding,
03/26 15:14:07,BTC,0.185,0.815,holding,
03/26 15:14:07,ETH,0.095,0.905,holding,
03/26 15:14:07,SOL,0.965,0.035,holding,
03/26 15:14:10,BTC,0.175,0.825,holding,
03/26 15:14:10,ETH,0.095,0.905,holding,
03/26 15:14:10,SOL,0.965,0.035,holding,
03/26 15:14:12,BTC,0.205,0.795,holding,
03/26 15:14:12,ETH,0.085,0.915,holding,
03/26 15:14:12,SOL,0.96,0.04,holding,
03/26 15:14:15,BTC,0.155,0.845,holding,
03/26 15:14:15,ETH,0.055,0.945,holding,
03/26 15:14:15,SOL,0.97,0.03,holding,
03/26 15:14:17,BTC,0.125,0.875,holding,
03/26 15:14:18,ETH,0.05,0.95,holding,
03/26 15:14:18,SOL,0.975,0.025,holding,
03/26 15:14:20,BTC,0.105,0.895,holding,
03/26 15:14:20,ETH,0.065,0.935,holding,
03/26 15:14:20,SOL,0.975,0.025,holding,
03/26 15:14:23,BTC,0.09,0.91,holding,
03/26 15:14:23,ETH,0.06,0.94,holding,
03/26 15:14:23,SOL,0.985,0.015,holding,
03/26 15:14:25,BTC,0.085,0.915,holding,
03/26 15:14:26,ETH,0.015,0.985,*** SELL NO @ 97.50% ***,
03/26 15:14:27,ETH,0.015,0.985,holding,
03/26 15:14:27,BTC,0.015,0.985,*** SELL NO @ 98.50% ***,
03/26 15:14:28,SOL,0.985,0.015,holding,
03/26 15:14:30,BTC,0.005,0.995,holding,
03/26 15:14:30,ETH,0.015,0.985,holding,
03/26 15:14:30,SOL,0.985,0.015,holding,
03/26 15:14:33,BTC,0.015,0.985,holding,
03/26 15:14:33,ETH,0.015,0.985,holding,
03/26 15:14:33,SOL,0.985,0.015,holding,
03/26 15:14:35,BTC,0.015,0.985,holding,
03/26 15:14:35,ETH,0.015,0.985,holding,
03/26 15:14:35,SOL,0.985,0.015,holding,
03/26 15:14:38,BTC,0.015,0.985,holding,
03/26 15:14:38,ETH,0.015,0.985,holding,
03/26 15:14:38,SOL,0.985,0.015,holding,
03/26 15:14:40,BTC,0.015,0.985,holding,
03/26 15:14:40,ETH,0.015,0.985,holding,
03/26 15:14:41,SOL,0.985,0.015,holding,
03/26 15:14:43,BTC,0.015,0.985,holding,
03/26 15:14:43,ETH,0.005,0.995,holding,
03/26 15:14:43,SOL,0.985,0.015,holding,
03/26 15:14:45,BTC,0.015,0.985,holding,
03/26 15:14:46,ETH,0.005,0.995,holding,
03/26 15:14:46,SOL,0.985,0.015,holding,
03/26 15:14:48,BTC,0.005,0.995,holding,
03/26 15:14:48,ETH,0.005,0.995,holding,
03/26 15:14:48,SOL,0.985,0.015,holding,
03/26 15:14:50,BTC,0.005,0.995,holding,
03/26 15:14:51,ETH,0.005,0.995,holding,
03/26 15:14:51,SOL,0.99,0.01,holding,
03/26 15:14:53,BTC,0.005,0.995,holding,
03/26 15:14:53,ETH,0.005,0.995,holding,
03/26 15:14:53,SOL,0.995,0.005,holding,
03/26 15:14:56,BTC,0.005,0.995,holding,
03/26 15:14:56,ETH,0.005,0.995,holding,
03/26 15:14:56,SOL,0.995,0.005,holding,
03/26 15:14:58,BTC,0.005,0.995,holding,
03/26 15:14:58,ETH,0.005,0.995,holding,
03/26 15:14:59,SOL,0.995,0.005,holding,
03/26 15:26:05,SOL,0.165,0.835,*** BUY NO @ 83.50% ***,
03/26 15:26:08,SOL,0.155,0.845,holding,
03/26 15:26:11,SOL,0.165,0.835,holding,
03/26 15:26:14,SOL,0.165,0.835,holding,
03/26 15:26:16,SOL,0.165,0.835,holding,
03/26 15:26:19,SOL,0.165,0.835,holding,
03/26 15:26:22,SOL,0.205,0.795,holding,
03/26 15:26:25,SOL,0.205,0.795,holding,
03/26 15:26:27,SOL,0.215,0.785,holding,
03/26 15:26:30,SOL,0.21,0.79,holding,
03/26 15:26:33,SOL,0.21,0.795,holding,
03/26 15:26:35,SOL,0.205,0.795,holding,
03/26 15:26:38,SOL,0.225,0.775,holding,
03/26 15:26:41,SOL,0.225,0.775,holding,
03/26 15:26:43,SOL,0.225,0.775,holding,
03/26 15:26:46,SOL,0.225,0.775,holding,
03/26 15:26:49,SOL,0.225,0.775,holding,
03/26 15:26:51,SOL,0.235,0.765,holding,
03/26 15:26:54,SOL,0.24,0.76,holding,
03/26 15:26:56,SOL,0.265,0.735,holding,
03/26 15:26:59,SOL,0.255,0.745,holding,
03/26 15:27:02,SOL,0.275,0.725,holding,
03/26 15:27:04,SOL,0.29,0.71,holding,
03/26 15:27:07,SOL,0.295,0.705,holding,
03/26 15:27:10,SOL,0.275,0.725,holding,
03/26 15:27:13,SOL,0.275,0.725,holding,
03/26 15:27:15,SOL,0.32,0.68,holding,
03/26 15:27:18,SOL,0.285,0.715,holding,
03/26 15:27:21,SOL,0.275,0.725,holding,
03/26 15:27:23,SOL,0.28,0.72,holding,
03/26 15:27:26,SOL,0.305,0.695,holding,
03/26 15:27:29,SOL,0.315,0.685,holding,
03/26 15:27:31,SOL,0.315,0.685,holding,
03/26 15:27:34,SOL,0.315,0.685,holding,
03/26 15:27:36,SOL,0.315,0.685,holding,
03/26 15:27:39,SOL,0.315,0.685,holding,
03/26 15:27:42,SOL,0.24,0.76,holding,
03/26 15:27:45,BTC,0.17,0.83,*** BUY NO @ 83.00% ***,
03/26 15:27:45,SOL,0.235,0.765,holding,
03/26 15:27:48,BTC,0.19,0.81,holding,
03/26 15:27:48,SOL,0.235,0.765,holding,
03/26 15:27:50,BTC,0.16,0.84,holding,
03/26 15:27:51,ETH,0.2,0.8,*** BUY NO @ 80.00% ***,
03/26 15:27:52,SOL,0.175,0.825,holding,
03/26 15:27:54,BTC,0.175,0.825,holding,
03/26 15:27:54,ETH,0.22,0.78,holding,
03/26 15:27:54,SOL,0.165,0.835,holding,
03/26 15:27:57,BTC,0.195,0.8,holding,
03/26 15:27:57,ETH,0.215,0.785,holding,
03/26 15:27:57,SOL,0.16,0.84,holding,
03/26 15:27:59,BTC,0.225,0.775,holding,
03/26 15:28:00,ETH,0.205,0.795,holding,
03/26 15:28:00,SOL,0.155,0.845,holding,
03/26 15:28:02,BTC,0.285,0.715,holding,
03/26 15:28:03,ETH,0.285,0.715,holding,
03/26 15:28:03,SOL,0.185,0.815,holding,
03/26 15:28:05,BTC,0.255,0.75,holding,
03/26 15:28:05,ETH,0.25,0.75,holding,
03/26 15:28:06,SOL,0.145,0.855,holding,
03/26 15:28:08,BTC,0.205,0.795,holding,
03/26 15:28:08,ETH,0.24,0.76,holding,
03/26 15:28:08,SOL,0.145,0.855,holding,
03/26 15:28:11,BTC,0.16,0.84,holding,
03/26 15:28:11,ETH,0.19,0.81,holding,
03/26 15:28:11,SOL,0.135,0.865,holding,
03/26 15:28:14,BTC,0.11,0.9,holding,
03/26 15:28:14,ETH,0.135,0.87,holding,
03/26 15:28:14,SOL,0.065,0.935,holding,
03/26 15:28:16,BTC,0.055,0.945,holding,
03/26 15:28:17,ETH,0.085,0.915,holding,
03/26 15:28:17,SOL,0.065,0.935,holding,
03/26 15:28:19,BTC,0.055,0.945,holding,
03/26 15:28:19,ETH,0.085,0.915,holding,
03/26 15:28:20,SOL,0.065,0.935,holding,
03/26 15:28:22,BTC,0.055,0.945,holding,
03/26 15:28:22,ETH,0.085,0.915,holding,
03/26 15:28:23,SOL,0.065,0.935,holding,
03/26 15:28:25,BTC,0.055,0.945,holding,
03/26 15:28:25,ETH,0.08,0.92,holding,
03/26 15:28:26,SOL,0.06,0.945,holding,
03/26 15:28:28,BTC,0.065,0.935,holding,
03/26 15:28:28,ETH,0.085,0.915,holding,
03/26 15:28:28,SOL,0.06,0.94,holding,
03/26 15:28:31,BTC,0.075,0.925,holding,
03/26 15:28:31,ETH,0.105,0.895,holding,
03/26 15:28:31,SOL,0.065,0.935,holding,
03/26 15:28:33,BTC,0.06,0.94,holding,
03/26 15:28:34,ETH,0.105,0.895,holding,
03/26 15:28:34,SOL,0.065,0.935,holding,
03/26 15:28:36,BTC,0.025,0.975,holding,
03/26 15:28:37,BTC,0.025,0.975,*** SELL NO @ 97.50% ***,
03/26 15:28:37,ETH,0.045,0.955,holding,
03/26 15:28:37,SOL,0.045,0.955,holding,
03/26 15:28:40,BTC,0.015,0.985,holding,
03/26 15:28:40,ETH,0.045,0.955,holding,
03/26 15:28:40,SOL,0.045,0.955,holding,
03/26 15:28:43,BTC,0.015,0.985,holding,
03/26 15:28:43,ETH,0.025,0.975,*** SELL NO @ 97.50% ***,
03/26 15:28:44,ETH,0.025,0.975,holding,
03/26 15:28:44,SOL,0.035,0.965,holding,
03/26 15:28:46,BTC,0.025,0.975,holding,
03/26 15:28:47,SOL,0.025,0.975,*** SELL NO @ 97.50% ***,
03/26 15:28:47,ETH,0.025,0.975,holding,
03/26 15:28:47,SOL,0.025,0.975,holding,
03/26 15:28:50,BTC,0.025,0.975,holding,
03/26 15:28:50,ETH,0.025,0.975,holding,
03/26 15:28:50,SOL,0.025,0.975,holding,
03/26 15:28:52,BTC,0.015,0.985,holding,
03/26 15:28:53,ETH,0.015,0.985,holding,
03/26 15:28:53,SOL,0.015,0.985,holding,
03/26 15:28:55,BTC,0.005,0.995,holding,
03/26 15:28:55,ETH,0.015,0.985,holding,
03/26 15:28:55,SOL,0.015,0.985,holding,
03/26 15:28:58,BTC,0.005,0.995,holding,
03/26 15:28:58,ETH,0.015,0.985,holding,
03/26 15:28:58,SOL,0.015,0.985,holding,
03/26 15:29:00,BTC,0.005,0.995,holding,
03/26 15:29:00,ETH,0.015,0.985,holding,
03/26 15:29:00,SOL,0.015,0.985,holding,
03/26 15:29:03,BTC,0.005,0.995,holding,
03/26 15:29:03,ETH,0.025,0.975,holding,
03/26 15:29:03,SOL,0.005,0.995,holding,
03/26 15:29:05,BTC,0.005,0.995,holding,
03/26 15:29:05,ETH,0.015,0.985,holding,
03/26 15:29:06,SOL,0.005,0.995,holding,
03/26 15:29:08,BTC,0.005,0.995,holding,
03/26 15:29:08,ETH,0.015,0.985,holding,
03/26 15:29:08,SOL,0.005,0.995,holding,
03/26 15:29:10,BTC,0.005,0.995,holding,
03/26 15:29:11,ETH,0.015,0.985,holding,
03/26 15:29:11,SOL,0.005,0.995,holding,
03/26 15:29:13,BTC,0.005,0.995,holding,
03/26 15:29:13,ETH,0.015,0.985,holding,
03/26 15:29:13,SOL,0.005,0.995,holding,
03/26 15:29:16,BTC,0.005,0.995,holding,
03/26 15:29:16,ETH,0.015,0.985,holding,
03/26 15:29:16,SOL,0.005,0.995,holding,
03/26 15:29:18,BTC,0.005,0.995,holding,
03/26 15:29:18,ETH,0.015,0.985,holding,
03/26 15:29:19,SOL,0.005,0.995,holding,
03/26 15:29:21,BTC,0.005,0.995,holding,
03/26 15:29:21,ETH,0.015,0.985,holding,
03/26 15:29:21,SOL,0.005,0.995,holding,
03/26 15:29:23,BTC,0.005,0.995,holding,
03/26 15:29:24,ETH,0.005,0.995,holding,
03/26 15:29:24,SOL,0.005,0.995,holding,
03/26 15:29:26,BTC,0.005,0.995,holding,
03/26 15:29:26,ETH,0.005,0.995,holding,
03/26 15:29:26,SOL,0.005,0.995,holding,
03/26 15:29:29,BTC,0.005,0.995,holding,
03/26 15:29:29,ETH,0.005,0.995,holding,
03/26 15:29:29,SOL,0.005,0.995,holding,
03/26 15:29:31,BTC,0.005,0.995,holding,
03/26 15:29:31,ETH,0.005,0.995,holding,
03/26 15:29:31,SOL,0.005,0.995,holding,
03/26 15:29:34,BTC,0.005,0.995,holding,
03/26 15:29:34,ETH,0.005,0.995,holding,
03/26 15:29:34,SOL,0.005,0.995,holding,
03/26 15:29:36,BTC,0.005,0.995,holding,
03/26 15:29:36,ETH,0.005,0.995,holding,
03/26 15:29:37,SOL,0.005,0.995,holding,
03/26 15:29:39,BTC,0.005,0.995,holding,
03/26 15:29:39,ETH,0.005,0.995,holding,
03/26 15:29:39,SOL,0.005,0.995,holding,
03/26 15:29:41,BTC,0.005,0.995,holding,
03/26 15:29:42,ETH,0.005,0.995,holding,
03/26 15:29:42,SOL,0.005,0.995,holding,
03/26 15:29:44,BTC,0.006,0.994,holding,
03/26 15:29:44,ETH,0.0055,0.9945,holding,
03/26 15:29:44,SOL,0.005,0.995,holding,
03/26 15:29:47,BTC,0.0055,0.9945,holding,
03/26 15:29:47,ETH,0.0055,0.9945,holding,
03/26 15:29:47,SOL,0.005,0.995,holding,
03/26 15:29:49,BTC,0.006,0.994,holding,
03/26 15:29:49,ETH,0.0015,0.9985,holding,
03/26 15:29:49,SOL,0.005,0.995,holding,
03/26 15:29:52,BTC,0.006,0.994,holding,
03/26 15:29:52,ETH,0.0015,0.9985,holding,
03/26 15:29:52,SOL,0.005,0.995,holding,
03/26 15:29:54,BTC,0.0055,0.9945,holding,
03/26 15:29:55,ETH,0.0015,0.9985,holding,
03/26 15:29:55,SOL,0.005,0.995,holding,
03/26 15:29:57,BTC,0.0015,0.9985,holding,
03/26 15:29:57,ETH,0.0015,0.9985,holding,
03/26 15:29:57,SOL,0.005,0.995,holding,
03/26 15:40:02,SOL,0.835,0.165,*** BUY YES @ 83.50% ***,
03/26 15:40:05,SOL,0.845,0.155,holding,
03/26 15:40:08,SOL,0.845,0.155,holding,
03/26 15:40:10,SOL,0.86,0.14,holding,
03/26 15:40:12,SOL,0.895,0.105,holding,
03/26 15:40:15,SOL,0.905,0.095,holding,
03/26 15:40:17,SOL,0.915,0.085,holding,
03/26 15:40:20,SOL,0.915,0.085,holding,
03/26 15:40:22,SOL,0.935,0.065,holding,
03/26 15:40:24,SOL,0.925,0.075,holding,
03/26 15:40:27,SOL,0.925,0.075,holding,
03/26 15:40:29,SOL,0.935,0.065,holding,
03/26 15:40:31,SOL,0.935,0.065,holding,
03/26 15:40:33,SOL,0.925,0.075,holding,
03/26 15:40:36,SOL,0.935,0.065,holding,
03/26 15:40:38,SOL,0.945,0.055,holding,
03/26 15:40:40,SOL,0.945,0.055,holding,
03/26 15:40:43,SOL,0.945,0.055,holding,
03/26 15:40:45,SOL,0.955,0.045,holding,
03/26 15:40:47,SOL,0.945,0.055,holding,
03/26 15:40:49,SOL,0.945,0.055,holding,
03/26 15:40:51,SOL,0.925,0.075,holding,
03/26 15:40:54,SOL,0.925,0.075,holding,
03/26 15:40:56,SOL,0.925,0.075,holding,
03/26 15:40:58,SOL,0.925,0.075,holding,
03/26 15:41:01,SOL,0.935,0.065,holding,
03/26 15:41:03,SOL,0.905,0.095,holding,
03/26 15:41:05,SOL,0.905,0.095,holding,
03/26 15:41:07,SOL,0.905,0.095,holding,
03/26 15:41:10,SOL,0.915,0.085,holding,
03/26 15:41:12,SOL,0.915,0.085,holding,
03/26 15:41:14,SOL,0.885,0.115,holding,
03/26 15:41:17,SOL,0.89,0.11,holding,
03/26 15:41:19,SOL,0.885,0.11,holding,
03/26 15:41:21,SOL,0.845,0.155,holding,
03/26 15:41:23,SOL,0.855,0.145,holding,
03/26 15:41:26,SOL,0.865,0.135,holding,
03/26 15:41:28,SOL,0.895,0.105,holding,
03/26 15:41:30,SOL,0.905,0.095,holding,
03/26 15:41:33,SOL,0.905,0.095,holding,
03/26 15:41:35,SOL,0.885,0.115,holding,
03/26 15:41:37,SOL,0.885,0.115,holding,
03/26 15:41:39,SOL,0.875,0.125,holding,
03/26 15:41:42,SOL,0.875,0.125,holding,
03/26 15:41:44,SOL,0.875,0.125,holding,
03/26 15:41:46,SOL,0.875,0.125,holding,
03/26 15:41:48,SOL,0.885,0.115,holding,
03/26 15:41:51,SOL,0.865,0.135,holding,
03/26 15:41:53,SOL,0.855,0.145,holding,
03/26 15:41:55,SOL,0.87,0.125,holding,
03/26 15:41:57,SOL,0.885,0.115,holding,
03/26 15:42:00,SOL,0.895,0.105,holding,
03/26 15:42:02,SOL,0.91,0.09,holding,
03/26 15:42:05,SOL,0.905,0.095,holding,
03/26 15:42:07,SOL,0.915,0.085,holding,
03/26 15:42:09,SOL,0.915,0.085,holding,
03/26 15:42:11,SOL,0.905,0.095,holding,
03/26 15:42:14,SOL,0.905,0.1,holding,
03/26 15:42:16,SOL,0.905,0.095,holding,
03/26 15:42:18,SOL,0.905,0.095,holding,
03/26 15:42:21,SOL,0.895,0.105,holding,
03/26 15:42:23,SOL,0.895,0.105,holding,
03/26 15:42:25,SOL,0.895,0.105,holding,
03/26 15:42:28,SOL,0.905,0.11,holding,
03/26 15:42:30,SOL,0.915,0.085,holding,
03/26 15:42:32,SOL,0.935,0.065,holding,
03/26 15:42:35,SOL,0.935,0.065,holding,
03/26 15:42:37,SOL,0.935,0.065,holding,
03/26 15:42:39,SOL,0.955,0.045,holding,
03/26 15:42:42,SOL,0.53,0.47,holding,
03/26 15:42:44,SOL,0.485,0.515,holding,
03/26 15:42:46,SOL,0.49,0.51,holding,
03/26 15:42:49,SOL,0.495,0.505,holding,
03/26 15:42:51,SOL,0.495,0.505,holding,
03/26 15:42:53,SOL,0.415,0.585,holding,
03/26 15:42:55,SOL,0.415,0.585,holding,
03/26 15:42:58,SOL,0.385,0.615,holding,
03/26 15:43:00,SOL,0.375,0.625,holding,
03/26 15:43:03,SOL,0.305,0.695,*** CUT-LOSS YES @ 30.50% ***,
03/26 15:43:04,SOL,0.3,0.7,*** FLIP BUY NO @ 69.50% ***,
03/26 15:43:05,SOL,0.3,0.7,holding,
03/26 15:43:07,SOL,0.21,0.79,holding,
03/26 15:43:09,SOL,0.26,0.74,holding,
03/26 15:43:12,SOL,0.255,0.745,holding,
03/26 15:43:14,SOL,0.265,0.74,holding,
03/26 15:43:16,SOL,0.275,0.725,holding,
03/26 15:43:18,SOL,0.265,0.735,holding,
03/26 15:43:21,SOL,0.265,0.735,holding,
03/26 15:43:23,SOL,0.14,0.86,holding,
03/26 15:43:25,SOL,0.145,0.855,holding,
03/26 15:43:27,SOL,0.145,0.855,holding,
03/26 15:43:29,SOL,0.105,0.895,holding,
03/26 15:43:32,SOL,0.09,0.91,holding,
03/26 15:43:34,SOL,0.09,0.91,holding,
03/26 15:43:36,SOL,0.085,0.915,holding,
03/26 15:43:38,SOL,0.075,0.925,holding,
03/26 15:43:41,SOL,0.075,0.925,holding,
03/26 15:43:43,SOL,0.065,0.935,holding,
03/26 15:43:45,SOL,0.055,0.945,holding,
03/26 15:43:47,SOL,0.055,0.945,holding,
03/26 15:43:50,SOL,0.07,0.93,holding,
03/26 15:43:52,SOL,0.075,0.925,holding,
03/26 15:43:54,SOL,0.07,0.925,holding,
03/26 15:43:56,SOL,0.075,0.925,holding,
03/26 15:43:59,SOL,0.065,0.935,holding,
03/26 15:44:01,SOL,0.04,0.96,holding,
03/26 15:44:03,SOL,0.035,0.965,holding,
03/26 15:44:05,SOL,0.05,0.95,holding,
03/26 15:44:08,SOL,0.015,0.985,holding,
03/26 15:44:11,SOL,0.015,0.985,holding,
03/26 15:44:13,SOL,0.01,0.99,holding,
03/26 15:44:15,SOL,0.01,0.99,holding,
03/26 15:44:17,SOL,0.01,0.99,holding,
03/26 15:44:19,SOL,0.015,0.985,holding,
03/26 15:44:21,SOL,0.015,0.985,holding,
03/26 15:44:23,SOL,0.015,0.985,holding,
03/26 15:44:25,SOL,0.015,0.985,holding,
03/26 15:44:27,SOL,0.005,0.995,holding,
03/26 15:44:29,SOL,0.005,0.995,holding,
03/26 15:44:32,SOL,0.005,0.995,holding,
03/26 15:44:34,SOL,0.005,0.995,holding,
03/26 15:44:36,SOL,0.005,0.995,holding,
03/26 15:44:38,SOL,0.005,0.995,holding,
03/26 15:44:40,SOL,0.005,0.995,holding,
03/26 15:44:42,SOL,0.005,0.995,holding,
03/26 15:44:44,SOL,0.005,0.995,holding,
03/26 15:44:47,SOL,0.005,0.995,holding,
03/26 15:44:49,SOL,0.005,0.995,holding,
03/26 15:44:51,SOL,0.005,0.995,holding,
03/26 15:44:53,SOL,0.005,0.995,holding,
03/26 15:44:55,SOL,0.005,0.995,holding,
03/26 15:44:57,SOL,0.005,0.995,holding,
03/26 15:44:59,SOL,0.005,0.995,holding,
03/26 19:11:19,BTC,0.835,0.165,*** BUY YES @ 83.50% ***,
03/26 19:11:23,BTC,0.795,0.205,holding,
03/26 19:11:25,BTC,0.795,0.205,holding,
03/26 19:11:27,BTC,0.795,0.205,holding,
03/26 19:11:29,BTC,0.825,0.17,holding,
03/26 19:11:31,BTC,0.805,0.195,holding,
03/26 19:11:33,BTC,0.815,0.185,holding,
03/26 19:11:35,BTC,0.875,0.125,holding,
03/26 19:11:37,BTC,0.58,0.42,holding,
03/26 19:11:40,BTC,0.35,0.65,holding,
03/26 19:11:43,BTC,0.365,0.635,holding,
03/26 19:11:45,BTC,0.475,0.535,holding,
03/26 19:11:47,BTC,0.455,0.545,holding,
03/26 19:11:49,BTC,0.715,0.285,holding,
03/26 19:11:51,BTC,0.735,0.265,holding,
03/26 19:11:53,BTC,0.745,0.255,holding,
03/26 19:11:55,BTC,0.835,0.165,holding,
03/26 19:11:58,BTC,0.815,0.185,holding,
03/26 19:12:00,BTC,0.815,0.185,holding,
03/26 19:12:03,BTC,0.785,0.215,holding,
03/26 19:12:05,BTC,0.82,0.18,holding,
03/26 19:12:07,BTC,0.785,0.215,holding,
03/26 19:12:09,BTC,0.84,0.16,holding,
03/26 19:12:11,BTC,0.845,0.155,holding,
03/26 19:12:13,BTC,0.855,0.145,holding,
03/26 19:12:15,BTC,0.845,0.155,holding,
03/26 19:12:18,BTC,0.845,0.155,holding,
03/26 19:12:20,BTC,0.89,0.11,holding,
03/26 19:12:23,BTC,0.915,0.085,holding,
03/26 19:12:25,BTC,0.93,0.07,holding,
03/26 19:12:27,BTC,0.915,0.085,holding,
03/26 19:12:29,BTC,0.915,0.085,holding,
03/26 19:12:31,BTC,0.905,0.095,holding,
03/26 19:12:33,BTC,0.89,0.11,holding,
03/26 19:12:36,BTC,0.885,0.115,holding,
03/26 19:12:38,BTC,0.895,0.105,holding,
03/26 19:12:40,BTC,0.925,0.075,holding,
03/26 19:12:43,BTC,0.865,0.135,holding,
03/26 19:12:45,BTC,0.855,0.145,holding,
03/26 19:12:47,BTC,0.855,0.145,holding,
03/26 19:12:49,BTC,0.875,0.125,holding,
03/26 19:12:51,BTC,0.835,0.165,holding,
03/26 19:12:54,BTC,0.855,0.145,holding,
03/26 19:12:56,BTC,0.825,0.175,holding,
03/26 19:12:58,BTC,0.825,0.175,holding,
03/26 19:13:00,BTC,0.785,0.215,holding,
03/26 19:13:03,BTC,0.795,0.205,holding,
03/26 19:13:05,BTC,0.79,0.21,holding,
03/26 19:13:07,BTC,0.785,0.215,holding,
03/26 19:13:09,BTC,0.765,0.235,holding,
03/26 19:13:11,BTC,0.785,0.215,holding,
03/26 19:13:13,BTC,0.885,0.115,holding,
03/26 19:13:16,BTC,0.885,0.115,holding,
03/26 19:13:18,BTC,0.85,0.15,holding,
03/26 19:13:20,BTC,0.875,0.13,holding,
03/26 19:13:22,BTC,0.895,0.105,holding,
03/26 19:13:24,BTC,0.87,0.13,holding,
03/26 19:13:27,BTC,0.875,0.125,holding,
03/26 19:13:29,BTC,0.875,0.125,holding,
03/26 19:13:31,BTC,0.835,0.165,holding,
03/26 19:13:33,BTC,0.875,0.125,holding,
03/26 19:13:35,BTC,0.915,0.085,holding,
03/26 19:13:37,BTC,0.935,0.06,holding,
03/26 19:13:39,BTC,0.945,0.055,holding,
03/26 19:13:42,BTC,0.935,0.065,holding,
03/26 19:13:44,BTC,0.955,0.045,holding,
03/26 19:13:46,BTC,0.945,0.055,holding,
03/26 19:13:48,BTC,0.945,0.055,holding,
03/26 19:13:50,BTC,0.945,0.055,holding,
03/26 19:13:53,BTC,0.945,0.055,holding,
03/26 19:13:55,BTC,0.945,0.055,holding,
03/26 19:13:57,BTC,0.96,0.04,holding,
03/26 19:13:59,BTC,0.965,0.035,holding,
03/26 19:14:01,BTC,0.975,0.025,holding,
03/26 19:14:01,BTC,0.975,0.025,*** SELL YES @ 97.50% ***,
03/26 19:14:05,BTC,0.975,0.025,holding,
03/26 19:14:07,BTC,0.975,0.025,holding,
03/26 19:14:09,BTC,0.975,0.025,holding,
03/26 19:14:11,BTC,0.975,0.025,holding,
03/26 19:14:13,BTC,0.975,0.025,holding,
03/26 19:14:15,BTC,0.975,0.025,holding,
03/26 19:14:17,BTC,0.945,0.055,holding,
03/26 19:14:19,BTC,0.975,0.025,holding,
03/26 19:14:21,BTC,0.965,0.035,holding,
03/26 19:14:23,BTC,0.975,0.025,holding,
03/26 19:14:26,BTC,0.975,0.025,holding,
03/26 19:14:28,BTC,0.975,0.025,holding,
03/26 19:14:30,BTC,0.975,0.025,holding,
03/26 19:14:33,BTC,0.975,0.025,holding,
03/26 19:14:35,BTC,0.985,0.015,holding,
03/26 19:14:37,BTC,0.985,0.015,holding,
03/26 19:14:39,BTC,0.985,0.015,holding,
03/26 19:14:41,BTC,0.985,0.015,holding,
03/26 19:14:43,BTC,0.985,0.015,holding,
03/26 19:14:45,BTC,0.985,0.015,holding,
03/26 19:14:47,BTC,0.985,0.015,holding,
03/26 19:14:49,BTC,0.975,0.025,holding,
03/26 19:14:51,BTC,0.975,0.025,holding,
03/26 19:14:53,BTC,0.995,0.005,holding,
03/26 19:14:55,BTC,0.995,0.005,holding,
03/26 19:14:57,BTC,0.995,0.005,holding,
03/26 19:14:59,BTC,0.995,0.005,holding,
03/26 19:25:00,ETH,0.165,0.835,*** BUY NO @ 83.50% ***,
03/26 19:25:08,ETH,0.225,0.775,holding,
03/26 19:25:10,ETH,0.175,0.825,holding,
03/26 19:25:13,ETH,0.175,0.825,holding,
03/26 19:25:16,ETH,0.185,0.815,holding,
03/26 19:25:18,ETH,0.215,0.785,holding,
03/26 19:25:21,ETH,0.235,0.765,holding,
03/26 19:25:23,ETH,0.305,0.695,holding,
03/26 19:25:26,ETH,0.305,0.69,holding,
03/26 19:25:28,ETH,0.26,0.74,holding,
03/26 19:25:30,ETH,0.235,0.77,holding,
03/26 19:25:33,ETH,0.235,0.765,holding,
03/26 19:25:35,ETH,0.235,0.765,holding,
03/26 19:25:38,ETH,0.255,0.745,holding,
03/26 19:25:40,ETH,0.15,0.855,holding,
03/26 19:25:43,ETH,0.115,0.885,holding,
03/26 19:25:46,ETH,0.115,0.885,holding,
03/26 19:25:48,ETH,0.13,0.87,holding,
03/26 19:25:50,ETH,0.14,0.86,holding,
03/26 19:25:53,ETH,0.165,0.835,holding,
03/26 19:25:55,ETH,0.105,0.895,holding,
03/26 19:25:58,ETH,0.125,0.875,holding,
03/26 19:26:00,ETH,0.115,0.885,holding,
03/26 19:26:03,ETH,0.095,0.905,holding,
03/26 19:26:05,ETH,0.115,0.885,holding,
03/26 19:26:08,ETH,0.155,0.845,holding,
03/26 19:26:10,ETH,0.155,0.845,holding,
03/26 19:26:13,ETH,0.145,0.855,holding,
03/26 19:26:15,ETH,0.105,0.895,holding,
03/26 19:26:18,ETH,0.115,0.885,holding,
03/26 19:26:20,ETH,0.085,0.915,holding,
03/26 19:26:29,ETH,0.09,0.91,holding,
03/26 19:26:32,ETH,0.06,0.94,holding,
03/26 19:26:35,ETH,0.05,0.95,holding,
03/26 19:26:37,ETH,0.045,0.955,holding,
03/26 19:26:39,ETH,0.035,0.965,holding,
03/26 19:26:42,ETH,0.045,0.955,holding,
03/26 19:26:45,ETH,0.035,0.965,holding,
03/26 19:26:47,ETH,0.035,0.965,holding,
03/26 19:26:49,ETH,0.035,0.965,holding,
03/26 19:26:52,ETH,0.04,0.96,holding,
03/26 19:26:55,ETH,0.045,0.955,holding,
03/26 19:26:57,ETH,0.045,0.955,holding,
03/26 19:26:59,ETH,0.025,0.975,*** SELL NO @ 97.50% ***,
03/26 19:27:04,ETH,0.025,0.975,holding,
03/26 19:27:07,ETH,0.03,0.97,holding,
03/26 19:27:09,ETH,0.025,0.975,holding,
03/26 19:27:11,ETH,0.02,0.98,holding,
03/26 19:27:14,ETH,0.015,0.985,holding,
03/26 19:27:16,ETH,0.015,0.985,holding,
03/26 19:27:18,ETH,0.015,0.985,holding,
03/26 19:27:21,ETH,0.015,0.985,holding,
03/26 19:27:23,ETH,0.01,0.99,holding,
03/26 19:27:25,ETH,0.005,0.995,holding,
03/26 19:27:28,ETH,0.005,0.995,holding,
03/26 19:27:30,ETH,0.005,0.995,holding,
03/26 19:27:33,ETH,0.005,0.995,holding,
03/26 19:27:35,ETH,0.005,0.995,holding,
03/26 19:27:38,ETH,0.005,0.995,holding,
03/26 19:27:40,ETH,0.005,0.995,holding,
03/26 19:27:43,ETH,0.005,0.995,holding,
03/26 19:27:45,ETH,0.005,0.995,holding,
03/26 19:27:47,ETH,0.005,0.995,holding,
03/26 19:27:50,ETH,0.005,0.995,holding,
03/26 19:27:52,ETH,0.005,0.995,holding,
03/26 19:27:54,ETH,0.005,0.995,holding,
03/26 19:27:57,ETH,0.005,0.995,holding,
03/26 19:27:59,ETH,0.015,0.985,holding,
03/26 19:28:01,ETH,0.025,0.975,holding,
03/26 19:28:04,ETH,0.025,0.975,holding,
03/26 19:28:06,ETH,0.015,0.985,holding,
03/26 19:28:08,ETH,0.025,0.975,holding,
03/26 19:28:11,ETH,0.025,0.975,holding,
03/26 19:28:13,ETH,0.025,0.975,holding,
03/26 19:28:15,ETH,0.025,0.975,holding,
03/26 19:28:17,ETH,0.025,0.975,holding,
03/26 19:28:20,ETH,0.025,0.975,holding,
03/26 19:28:22,ETH,0.025,0.975,holding,
03/26 19:28:25,ETH,0.02,0.98,holding,
03/26 19:28:27,ETH,0.025,0.975,holding,
03/26 19:28:29,ETH,0.02,0.98,holding,
03/26 19:28:32,ETH,0.02,0.98,holding,
03/26 19:28:34,ETH,0.015,0.985,holding,
03/26 19:28:37,ETH,0.015,0.985,holding,
03/26 19:28:39,ETH,0.03,0.97,holding,
03/26 19:28:41,ETH,0.025,0.975,holding,
03/26 19:28:44,ETH,0.035,0.965,holding,
03/26 19:28:46,ETH,0.015,0.985,holding,
03/26 19:28:48,ETH,0.015,0.985,holding,
03/26 19:28:51,ETH,0.015,0.985,holding,
03/26 19:28:53,ETH,0.025,0.975,holding,
03/26 19:28:55,ETH,0.015,0.985,holding,
03/26 19:28:57,ETH,0.025,0.975,holding,
03/26 19:29:00,ETH,0.035,0.965,holding,
03/26 19:29:02,ETH,0.04,0.96,holding,
03/26 19:29:04,ETH,0.035,0.965,holding,
03/26 19:29:07,ETH,0.03,0.97,holding,
03/26 19:29:09,ETH,0.025,0.975,holding,
03/26 19:29:11,ETH,0.025,0.975,holding,
03/26 19:29:13,ETH,0.025,0.975,holding,
03/26 19:29:15,ETH,0.025,0.975,holding,
03/26 19:29:18,ETH,0.015,0.985,holding,
03/26 19:29:20,ETH,0.015,0.985,holding,
03/26 19:29:22,ETH,0.01,0.99,holding,
03/26 19:29:24,ETH,0.01,0.99,holding,
03/26 19:29:27,ETH,0.005,0.995,holding,
03/26 19:29:29,ETH,0.01,0.99,holding,
03/26 19:29:31,ETH,0.005,0.995,holding,
03/26 19:29:33,ETH,0.005,0.995,holding,
03/26 19:29:35,ETH,0.005,0.995,holding,
03/26 19:29:37,ETH,0.005,0.995,holding,
03/26 19:29:40,ETH,0.005,0.995,holding,
03/26 19:29:42,ETH,0.005,0.995,holding,
03/26 19:29:44,ETH,0.005,0.995,holding,
03/26 19:29:46,ETH,0.005,0.995,holding,
03/26 19:29:48,ETH,0.005,0.995,holding,
03/26 19:29:51,ETH,0.005,0.995,holding,
03/26 19:29:53,ETH,0.005,0.995,holding,
03/26 19:29:55,ETH,0.005,0.995,holding,
03/26 19:29:57,ETH,0.005,0.995,holding,
03/26 19:29:59,ETH,0.005,0.995,holding,
03/26 19:40:01,SOL,0.925,0.08,*** S2 BUY NO @ 8.00% ***,
03/26 19:40:08,SOL,0.925,0.075,holding,
03/26 19:40:11,SOL,0.925,0.075,holding,
03/26 19:40:13,SOL,0.905,0.095,holding,
03/26 19:40:16,SOL,0.925,0.075,holding,
03/26 19:40:18,SOL,0.925,0.075,holding,
03/26 19:40:20,SOL,0.925,0.075,holding,
03/26 19:40:23,SOL,0.935,0.065,holding,
03/26 19:40:25,SOL,0.865,0.135,holding,
03/26 19:40:28,SOL,0.875,0.125,holding,
03/26 19:40:30,SOL,0.875,0.125,holding,
03/26 19:40:33,SOL,0.875,0.125,holding,
03/26 19:40:35,SOL,0.895,0.105,holding,
03/26 19:40:37,SOL,0.92,0.08,holding,
03/26 19:40:40,SOL,0.925,0.075,holding,
03/26 19:40:42,SOL,0.935,0.065,holding,
03/26 19:40:45,SOL,0.935,0.065,holding,
03/26 19:40:47,SOL,0.935,0.065,holding,
03/26 19:40:50,SOL,0.935,0.065,holding,
03/26 19:40:52,SOL,0.9,0.1,holding,
03/26 19:40:55,SOL,0.915,0.085,holding,
03/26 19:40:57,SOL,0.935,0.065,holding,
03/26 19:40:59,SOL,0.945,0.055,holding,
03/26 19:41:02,SOL,0.945,0.055,holding,
03/26 19:41:04,SOL,0.945,0.055,holding,
03/26 19:41:06,SOL,0.945,0.055,holding,
03/26 19:41:09,SOL,0.945,0.055,holding,
03/26 19:41:11,SOL,0.945,0.055,holding,
03/26 19:41:13,SOL,0.945,0.055,holding,
03/26 19:41:16,SOL,0.955,0.045,holding,
03/26 19:41:18,SOL,0.955,0.045,holding,
03/26 19:41:20,SOL,0.955,0.045,holding,
03/26 19:41:23,SOL,0.955,0.045,holding,
03/26 19:41:25,SOL,0.955,0.045,holding,
03/26 19:41:27,SOL,0.955,0.045,holding,
03/26 19:41:30,SOL,0.935,0.065,holding,
03/26 19:41:33,SOL,0.935,0.065,holding,
03/26 19:41:35,SOL,0.935,0.065,holding,
03/26 19:41:37,SOL,0.935,0.065,holding,
03/26 19:41:40,SOL,0.945,0.05,holding,
03/26 19:41:42,SOL,0.935,0.065,holding,
03/26 19:41:45,SOL,0.935,0.065,holding,
03/26 19:41:47,SOL,0.935,0.065,holding,
03/26 19:41:50,SOL,0.935,0.065,holding,
03/26 19:41:53,SOL,0.935,0.065,holding,
03/26 19:41:55,SOL,0.935,0.065,holding,
03/26 19:41:58,SOL,0.935,0.065,holding,
03/26 19:42:00,SOL,0.945,0.055,holding,
03/26 19:42:03,SOL,0.955,0.045,holding,
03/26 19:42:06,SOL,0.955,0.045,holding,
03/26 19:42:08,SOL,0.955,0.045,holding,
03/26 19:42:10,SOL,0.955,0.045,holding,
03/26 19:42:13,SOL,0.955,0.045,holding,
03/26 19:42:15,SOL,0.955,0.045,holding,
03/26 19:42:18,SOL,0.955,0.045,holding,
03/26 19:42:20,SOL,0.925,0.075,holding,
03/26 19:42:23,SOL,0.935,0.065,holding,
03/26 19:42:25,SOL,0.94,0.06,holding,
03/26 19:42:27,SOL,0.945,0.055,holding,
03/26 19:42:30,SOL,0.945,0.055,holding,
03/26 19:42:33,SOL,0.945,0.055,holding,
03/26 19:42:35,SOL,0.945,0.055,holding,
03/26 19:42:38,SOL,0.945,0.055,holding,
03/26 19:42:40,SOL,0.945,0.055,holding,
03/26 19:42:43,SOL,0.945,0.055,holding,
03/26 19:42:45,SOL,0.945,0.055,holding,
03/26 19:42:48,SOL,0.945,0.055,holding,
03/26 19:42:50,SOL,0.945,0.055,holding,
03/26 19:42:53,SOL,0.945,0.055,holding,
03/26 19:42:56,SOL,0.945,0.055,holding,
03/26 19:42:58,SOL,0.945,0.055,holding,
03/26 19:43:01,SOL,0.945,0.055,holding,
03/26 19:43:03,SOL,0.945,0.055,holding,
03/26 19:43:05,SOL,0.945,0.055,holding,
03/26 19:43:08,SOL,0.94,0.06,holding,
03/26 19:43:10,SOL,0.95,0.05,holding,
03/26 19:43:13,SOL,0.95,0.05,holding,
03/26 19:43:15,SOL,0.955,0.045,holding,
03/26 19:43:17,SOL,0.955,0.045,holding,
03/26 19:43:20,SOL,0.945,0.055,holding,
03/26 19:43:23,SOL,0.95,0.05,holding,
03/26 19:43:26,SOL,0.955,0.045,holding,
03/26 19:43:28,SOL,0.965,0.035,holding,
03/26 19:43:30,SOL,0.965,0.035,holding,
03/26 19:43:33,SOL,0.965,0.035,holding,
03/26 19:43:35,SOL,0.965,0.035,holding,
03/26 19:43:37,SOL,0.965,0.035,holding,
03/26 19:43:40,SOL,0.965,0.035,holding,
03/26 19:43:43,SOL,0.975,0.025,holding,
03/26 19:43:45,SOL,0.975,0.025,holding,
03/26 19:43:48,SOL,0.975,0.025,holding,
03/26 19:43:50,SOL,0.975,0.025,holding,
03/26 19:43:53,SOL,0.975,0.025,holding,
03/26 19:43:55,SOL,0.975,0.025,holding,
03/26 19:43:57,SOL,0.975,0.025,holding,
03/26 19:43:59,SOL,0.925,0.075,holding,
03/26 19:44:02,SOL,0.95,0.05,holding,
03/26 19:44:05,SOL,0.94,0.06,holding,
03/26 19:44:07,SOL,0.94,0.06,holding,
03/26 19:44:10,SOL,0.965,0.035,holding,
03/26 19:44:12,SOL,0.965,0.035,holding,
03/26 19:44:14,SOL,0.965,0.035,holding,
03/26 19:44:17,SOL,0.74,0.26,*** S2 TP1 NO @ 26.00% ***,
03/26 19:44:17,SOL,0.74,0.25,holding,
03/26 19:44:19,SOL,0.755,0.245,holding,
03/26 19:44:22,SOL,0.745,0.255,holding,
03/26 19:44:24,SOL,0.75,0.25,holding,
03/26 19:44:26,SOL,0.755,0.245,holding,
03/26 19:44:29,SOL,0.775,0.23,holding,
03/26 19:44:31,SOL,0.865,0.135,holding,
03/26 19:44:33,SOL,0.865,0.135,holding,
03/26 19:44:36,SOL,0.915,0.085,holding,
03/26 19:44:38,SOL,0.925,0.075,holding,
03/26 19:44:40,SOL,0.93,0.07,holding,
03/26 19:44:43,SOL,0.945,0.055,holding,
03/26 19:44:46,SOL,0.955,0.045,holding,
03/26 19:44:48,SOL,0.95,0.05,holding,
03/26 19:44:50,SOL,0.97,0.03,holding,
03/26 19:44:53,SOL,0.98,0.02,holding,
03/26 19:44:55,SOL,0.965,0.035,holding,
03/26 19:44:58,SOL,0.995,0.005,holding,
03/26 19:56:29,ETH,0.195,0.81,*** BUY NO @ 81.00% ***,
03/26 19:56:34,ETH,0.175,0.825,holding,
03/26 19:56:36,ETH,0.185,0.815,holding,
03/26 19:56:38,ETH,0.165,0.835,holding,
03/26 19:56:40,ETH,0.185,0.815,holding,
03/26 19:56:43,ETH,0.165,0.835,holding,
03/26 19:56:45,ETH,0.165,0.835,holding,
03/26 19:56:47,ETH,0.165,0.835,holding,
03/26 19:56:49,ETH,0.155,0.845,holding,
03/26 19:56:51,ETH,0.205,0.795,holding,
03/26 19:56:54,ETH,0.22,0.78,holding,
03/26 19:56:56,ETH,0.185,0.815,holding,
03/26 19:56:58,ETH,0.155,0.845,holding,
03/26 19:57:00,ETH,0.155,0.845,holding,
03/26 19:57:03,ETH,0.155,0.845,holding,
03/26 19:57:05,ETH,0.105,0.895,holding,
03/26 19:57:07,ETH,0.125,0.875,holding,
03/26 19:57:10,ETH,0.13,0.87,holding,
03/26 19:57:12,ETH,0.125,0.875,holding,
03/26 19:57:14,ETH,0.125,0.875,holding,
03/26 19:57:16,ETH,0.105,0.895,holding,
03/26 19:57:19,ETH,0.105,0.895,holding,
03/26 19:57:21,ETH,0.115,0.885,holding,
03/26 19:57:23,ETH,0.085,0.915,holding,
03/26 19:57:25,ETH,0.11,0.89,holding,
03/26 19:57:27,ETH,0.095,0.905,holding,
03/26 19:57:29,ETH,0.055,0.945,holding,
03/26 19:57:32,ETH,0.045,0.955,holding,
03/26 19:57:34,ETH,0.045,0.955,holding,
03/26 19:57:36,ETH,0.045,0.955,holding,
03/26 19:57:38,ETH,0.045,0.955,holding,
03/26 19:57:41,ETH,0.045,0.955,holding,
03/26 19:57:43,ETH,0.025,0.975,*** SELL NO @ 97.50% ***,
03/26 19:57:45,ETH,0.025,0.975,holding,
03/26 19:57:47,ETH,0.025,0.975,holding,
03/26 19:57:49,ETH,0.015,0.985,holding,
03/26 19:57:51,ETH,0.015,0.985,holding,
03/26 19:57:53,ETH,0.015,0.985,holding,
03/26 19:57:56,ETH,0.015,0.985,holding,
03/26 19:57:58,ETH,0.015,0.985,holding,
03/26 19:58:00,ETH,0.015,0.985,holding,
03/26 19:58:02,ETH,0.015,0.985,holding,
03/26 19:58:04,ETH,0.015,0.985,holding,
03/26 19:58:06,ETH,0.015,0.985,holding,
03/26 19:58:08,ETH,0.015,0.985,holding,
03/26 19:58:10,ETH,0.015,0.985,holding,
03/26 19:58:13,ETH,0.015,0.985,holding,
03/26 19:58:15,ETH,0.015,0.985,holding,
03/26 19:58:17,ETH,0.015,0.985,holding,
03/26 19:58:19,ETH,0.015,0.985,holding,
03/26 19:58:21,ETH,0.015,0.985,holding,
03/26 19:58:23,ETH,0.015,0.985,holding,
03/26 19:58:25,ETH,0.015,0.985,holding,
03/26 19:58:27,ETH,0.005,0.995,holding,
03/26 19:58:29,ETH,0.005,0.995,holding,
03/26 19:58:31,ETH,0.005,0.995,holding,
03/26 19:58:34,ETH,0.005,0.995,holding,
03/26 19:58:36,ETH,0.005,0.995,holding,
03/26 19:58:38,ETH,0.005,0.995,holding,
03/26 19:58:40,ETH,0.005,0.995,holding,
03/26 19:58:42,ETH,0.005,0.995,holding,
03/26 19:58:44,ETH,0.005,0.995,holding,
03/26 19:58:46,ETH,0.005,0.995,holding,
03/26 19:58:48,ETH,0.005,0.995,holding,
03/26 19:58:50,ETH,0.005,0.995,holding,
03/26 19:58:53,ETH,0.005,0.995,holding,
03/26 19:58:55,ETH,0.005,0.995,holding,
03/26 19:58:57,ETH,0.005,0.995,holding,
03/26 19:58:59,ETH,0.005,0.995,holding,
03/26 19:59:01,ETH,0.005,0.995,holding,
03/26 19:59:03,ETH,0.005,0.995,holding,
03/26 19:59:05,ETH,0.005,0.995,holding,
03/26 19:59:07,ETH,0.005,0.995,holding,
03/26 19:59:09,ETH,0.005,0.995,holding,
03/26 19:59:11,ETH,0.005,0.995,holding,
03/26 19:59:14,ETH,0.005,0.995,holding,
03/26 19:59:16,ETH,0.005,0.995,holding,
03/26 19:59:18,ETH,0.005,0.995,holding,
03/26 19:59:20,ETH,0.005,0.995,holding,
03/26 19:59:23,ETH,0.005,0.995,holding,
03/26 19:59:25,ETH,0.005,0.995,holding,
03/26 19:59:27,ETH,0.005,0.995,holding,
03/26 19:59:29,ETH,0.005,0.995,holding,
03/26 19:59:31,ETH,0.005,0.995,holding,
03/26 19:59:33,ETH,0.005,0.995,holding,
03/26 19:59:35,ETH,0.005,0.995,holding,
03/26 19:59:37,ETH,0.005,0.995,holding,
03/26 19:59:39,ETH,0.005,0.995,holding,
03/26 19:59:41,ETH,0.005,0.995,holding,
03/26 19:59:43,ETH,0.005,0.995,holding,
03/26 19:59:45,ETH,0.005,0.995,holding,
03/26 19:59:48,ETH,0.005,0.995,holding,
03/26 19:59:50,ETH,0.005,0.995,holding,
03/26 19:59:52,ETH,0.005,0.995,holding,
03/26 19:59:54,ETH,0.005,0.995,holding,
03/26 19:59:56,ETH,0.005,0.995,holding,
03/26 19:59:58,ETH,0.005,0.995,holding,
03/26 20:10:21,XRP,0.8,0.2,*** BUY YES @ 80.00% ***,
03/26 20:10:27,XRP,0.82,0.18,holding,
03/26 20:10:30,XRP,0.83,0.17,holding,
03/26 20:10:32,XRP,0.865,0.135,holding,
03/26 20:10:34,XRP,0.87,0.13,holding,
03/26 20:10:37,XRP,0.905,0.105,holding,
03/26 20:10:39,XRP,0.91,0.09,holding,
03/26 20:10:41,XRP,0.91,0.09,holding,
03/26 20:10:44,XRP,0.91,0.09,holding,
03/26 20:10:46,XRP,0.915,0.085,holding,
03/26 20:10:49,XRP,0.915,0.085,holding,
03/26 20:10:51,XRP,0.895,0.105,holding,
03/26 20:10:53,XRP,0.895,0.105,holding,
03/26 20:10:55,XRP,0.895,0.105,holding,
03/26 20:10:58,XRP,0.895,0.105,holding,
03/26 20:11:00,XRP,0.925,0.075,holding,
03/26 20:11:03,XRP,0.945,0.055,holding,
03/26 20:11:05,XRP,0.955,0.045,holding,
03/26 20:11:08,XRP,0.975,0.025,*** SELL YES @ 97.50% ***,
03/26 20:11:12,XRP,0.96,0.04,holding,
03/26 20:11:14,XRP,0.965,0.035,holding,
03/26 20:11:16,XRP,0.96,0.04,holding,
03/26 20:11:19,XRP,0.965,0.035,holding,
03/26 20:11:21,XRP,0.97,0.03,holding,
03/26 20:11:23,XRP,0.97,0.03,holding,
03/26 20:11:25,XRP,0.975,0.025,holding,
03/26 20:11:27,XRP,0.97,0.03,holding,
03/26 20:11:30,XRP,0.97,0.03,holding,
03/26 20:11:32,XRP,0.975,0.025,holding,
03/26 20:11:35,XRP,0.975,0.025,holding,
03/26 20:11:37,XRP,0.975,0.025,holding,
03/26 20:11:39,XRP,0.975,0.025,holding,
03/26 20:11:41,XRP,0.975,0.025,holding,
03/26 20:11:43,XRP,0.975,0.025,holding,
03/26 20:11:46,XRP,0.975,0.025,holding,
03/26 20:11:48,XRP,0.975,0.025,holding,
03/26 20:11:50,XRP,0.975,0.025,holding,
03/26 20:11:47,SOL,0.815,0.185,*** BUY YES @ 81.50% ***,
03/26 20:11:53,SOL,0.77,0.23,holding,
03/26 20:11:55,SOL,0.785,0.215,holding,
03/26 20:11:58,SOL,0.785,0.215,holding,
03/26 20:12:00,SOL,0.775,0.215,holding,
03/26 20:12:03,SOL,0.825,0.175,holding,
03/26 20:12:06,SOL,0.785,0.215,holding,
03/26 20:12:08,SOL,0.795,0.205,holding,
03/26 20:12:10,SOL,0.8,0.2,holding,
03/26 20:12:13,SOL,0.795,0.205,holding,
03/26 20:12:15,SOL,0.805,0.195,holding,
03/26 20:12:18,SOL,0.815,0.185,holding,
03/26 20:12:20,SOL,0.835,0.165,holding,
03/26 20:12:22,SOL,0.8,0.2,holding,
03/26 20:12:25,SOL,0.775,0.225,holding,
03/26 20:12:27,SOL,0.78,0.22,holding,
03/26 20:12:30,SOL,0.78,0.22,holding,
03/26 20:12:32,SOL,0.77,0.23,holding,
03/26 20:12:35,SOL,0.79,0.21,holding,
03/26 20:12:37,SOL,0.79,0.21,holding,
03/26 20:12:39,SOL,0.775,0.225,holding,
03/26 20:12:42,SOL,0.765,0.235,holding,
03/26 20:12:44,SOL,0.765,0.235,holding,
03/26 20:12:46,SOL,0.775,0.225,holding,
03/26 20:12:49,SOL,0.775,0.225,holding,
03/26 20:12:51,SOL,0.775,0.225,holding,
03/26 20:12:54,SOL,0.775,0.225,holding,
03/26 20:12:56,SOL,0.73,0.27,holding,
03/26 20:12:58,SOL,0.735,0.27,holding,
03/26 20:13:01,SOL,0.705,0.295,holding,
03/26 20:13:03,SOL,0.705,0.295,holding,
03/26 20:13:05,SOL,0.75,0.25,holding,
03/26 20:13:08,SOL,0.745,0.255,holding,
03/26 20:13:10,SOL,0.75,0.25,holding,
03/26 20:13:13,SOL,0.765,0.235,holding,
03/26 20:13:15,SOL,0.77,0.23,holding,
03/26 20:13:17,SOL,0.77,0.23,holding,
03/26 20:13:20,SOL,0.75,0.25,holding,
03/26 20:13:22,SOL,0.7,0.3,holding,
03/26 20:13:25,SOL,0.705,0.295,holding,
03/26 20:13:27,SOL,0.715,0.285,holding,
03/26 20:13:30,SOL,0.645,0.355,holding,
03/26 20:13:32,SOL,0.62,0.38,holding,
03/26 20:13:35,SOL,0.625,0.375,holding,
03/26 20:13:37,SOL,0.645,0.355,holding,
03/26 20:13:39,SOL,0.62,0.38,holding,
03/26 20:13:42,SOL,0.64,0.36,holding,
03/26 20:13:44,SOL,0.78,0.22,holding,
03/26 20:13:46,SOL,0.69,0.31,holding,
03/26 20:13:49,SOL,0.705,0.295,holding,
03/26 20:13:51,SOL,0.78,0.225,holding,
03/26 20:13:53,SOL,0.775,0.225,holding,
03/26 20:13:56,SOL,0.775,0.225,holding,
03/26 20:13:58,SOL,0.81,0.19,holding,
03/26 20:14:01,SOL,0.865,0.135,holding,
03/26 20:14:03,SOL,0.935,0.065,holding,
03/26 20:14:05,SOL,0.935,0.065,holding,
03/26 20:14:07,SOL,0.93,0.07,holding,
03/26 20:14:10,SOL,0.93,0.07,holding,
03/26 20:14:12,SOL,0.935,0.065,holding,
03/26 20:14:14,SOL,0.945,0.055,holding,
03/26 20:14:16,SOL,0.94,0.06,holding,
03/26 20:14:19,SOL,0.95,0.05,holding,
03/26 20:14:21,SOL,0.95,0.05,holding,
03/26 20:14:23,SOL,0.945,0.055,holding,
03/26 20:14:25,SOL,0.945,0.055,holding,
03/26 20:14:28,SOL,0.965,0.035,holding,
03/26 20:14:30,SOL,0.93,0.065,holding,
03/26 20:14:32,SOL,0.94,0.06,holding,
03/26 20:14:35,SOL,0.935,0.065,holding,
03/26 20:14:37,SOL,0.945,0.055,holding,
03/26 20:14:39,SOL,0.965,0.035,holding,
03/26 20:14:41,SOL,0.965,0.035,holding,
03/26 20:14:41,SOL,0.97,0.03,*** SELL YES @ 97.00% ***,
03/26 20:14:46,SOL,0.93,0.07,holding,
03/26 20:14:48,SOL,0.785,0.215,holding,
03/26 20:14:51,SOL,0.85,0.15,holding,
03/26 20:14:53,SOL,0.96,0.04,holding,
03/26 20:14:55,SOL,0.935,0.065,holding,
03/26 20:14:57,SOL,0.94,0.06,holding,
03/26 20:14:59,SOL,0.995,0.005,holding,
03/26 20:25:17,SOL,0.815,0.185,*** BUY YES @ 81.50% ***,
03/26 20:25:24,SOL,0.815,0.185,holding,
03/26 20:25:27,SOL,0.795,0.205,holding,
03/26 20:25:29,SOL,0.805,0.195,holding,
03/26 20:25:31,SOL,0.815,0.185,holding,
03/26 20:25:33,SOL,0.85,0.15,holding,
03/26 20:25:36,SOL,0.87,0.125,holding,
03/26 20:25:38,SOL,0.865,0.135,holding,
03/26 20:25:40,SOL,0.855,0.145,holding,
03/26 20:25:43,SOL,0.885,0.115,holding,
03/26 20:25:45,SOL,0.89,0.11,holding,
03/26 20:25:47,SOL,0.895,0.105,holding,
03/26 20:25:50,SOL,0.905,0.095,holding,
03/26 20:25:52,SOL,0.895,0.105,holding,
03/26 20:25:54,SOL,0.905,0.095,holding,
03/26 20:25:57,SOL,0.905,0.095,holding,
03/26 20:25:59,SOL,0.905,0.095,holding,
03/26 20:26:01,SOL,0.905,0.095,holding,
03/26 20:26:03,SOL,0.905,0.095,holding,
03/26 20:26:06,SOL,0.915,0.085,holding,
03/26 20:26:08,SOL,0.915,0.085,holding,
03/26 20:26:10,SOL,0.915,0.085,holding,
03/26 20:26:13,SOL,0.925,0.075,holding,
03/26 20:26:15,SOL,0.925,0.075,holding,
03/26 20:26:18,SOL,0.925,0.075,holding,
03/26 20:26:20,SOL,0.925,0.075,holding,
03/26 20:26:22,SOL,0.935,0.065,holding,
03/26 20:26:25,SOL,0.935,0.065,holding,
03/26 20:26:27,SOL,0.955,0.045,holding,
03/26 20:26:29,SOL,0.955,0.045,holding,
03/26 20:26:31,SOL,0.955,0.045,holding,
03/26 20:26:34,SOL,0.955,0.045,holding,
03/26 20:26:36,SOL,0.96,0.04,holding,
03/26 20:26:38,SOL,0.955,0.045,holding,
03/26 20:26:40,SOL,0.935,0.065,holding,
03/26 20:26:43,SOL,0.935,0.065,holding,
03/26 20:26:45,SOL,0.945,0.055,holding,
03/26 20:26:47,SOL,0.945,0.055,holding,
03/26 20:26:50,SOL,0.935,0.065,holding,
03/26 20:26:52,SOL,0.895,0.105,holding,
03/26 20:26:54,SOL,0.895,0.105,holding,
03/26 20:26:57,SOL,0.885,0.115,holding,
03/26 20:26:59,SOL,0.905,0.095,holding,
03/26 20:27:01,SOL,0.905,0.095,holding,
03/26 20:27:04,SOL,0.92,0.08,holding,
03/26 20:27:06,SOL,0.935,0.065,holding,
03/26 20:27:08,SOL,0.935,0.065,holding,
03/26 20:27:10,SOL,0.94,0.06,holding,
03/26 20:27:13,SOL,0.935,0.065,holding,
03/26 20:27:15,SOL,0.94,0.06,holding,
03/26 20:27:17,SOL,0.94,0.06,holding,
03/26 20:27:20,SOL,0.945,0.055,holding,
03/26 20:27:22,SOL,0.945,0.055,holding,
03/26 20:27:24,SOL,0.945,0.055,holding,
03/26 20:27:27,SOL,0.945,0.055,holding,
03/26 20:27:29,SOL,0.925,0.075,holding,
03/26 20:27:31,SOL,0.925,0.075,holding,
03/26 20:27:33,SOL,0.94,0.06,holding,
03/26 20:27:36,SOL,0.945,0.055,holding,
03/26 20:27:38,SOL,0.945,0.055,holding,
03/26 20:27:40,SOL,0.935,0.065,holding,
03/26 20:27:43,SOL,0.925,0.075,holding,
03/26 20:27:45,SOL,0.925,0.075,holding,
03/26 20:27:48,SOL,0.925,0.075,holding,
03/26 20:27:50,SOL,0.925,0.075,holding,
03/26 20:27:52,SOL,0.955,0.045,holding,
03/26 20:27:55,SOL,0.955,0.045,holding,
03/26 20:27:57,SOL,0.955,0.045,holding,
03/26 20:27:59,SOL,0.965,0.035,holding,
03/26 20:28:01,SOL,0.975,0.025,*** SELL YES @ 97.50% ***,
03/26 20:28:07,SOL,0.975,0.025,holding,
03/26 20:28:09,SOL,0.975,0.025,holding,
03/26 20:28:11,SOL,0.975,0.025,holding,
03/26 20:28:13,SOL,0.975,0.025,holding,
03/26 20:28:15,SOL,0.975,0.025,holding,
03/26 20:28:17,SOL,0.975,0.025,holding,
03/26 20:28:20,SOL,0.975,0.025,holding,
03/26 20:28:23,SOL,0.975,0.025,holding,
03/26 20:28:25,SOL,0.975,0.025,holding,
03/26 20:28:27,SOL,0.975,0.025,holding,
03/26 20:28:29,SOL,0.975,0.025,holding,
03/26 20:28:31,SOL,0.975,0.025,holding,
03/26 20:28:33,SOL,0.975,0.025,holding,
03/26 20:28:36,SOL,0.975,0.025,holding,
03/26 20:28:38,SOL,0.975,0.025,holding,
03/26 20:28:40,SOL,0.975,0.025,holding,
03/26 20:28:42,SOL,0.975,0.025,holding,
03/26 20:28:45,SOL,0.975,0.025,holding,
03/26 20:28:47,SOL,0.985,0.015,holding,
03/26 20:28:49,SOL,0.985,0.015,holding,
03/26 20:28:51,SOL,0.995,0.005,holding,
03/26 20:28:53,SOL,0.995,0.005,holding,
03/26 20:28:55,SOL,0.995,0.005,holding,
03/26 20:28:58,SOL,0.995,0.005,holding,
03/26 20:29:00,SOL,0.995,0.005,holding,
03/26 20:29:02,SOL,0.995,0.005,holding,
03/26 20:29:05,SOL,0.995,0.005,holding,
03/26 20:29:07,SOL,0.995,0.005,holding,
03/26 20:29:09,SOL,0.995,0.005,holding,
03/26 20:29:11,SOL,0.995,0.005,holding,
03/26 20:29:13,SOL,0.995,0.005,holding,
03/26 20:29:15,SOL,0.995,0.005,holding,
03/26 20:29:18,SOL,0.995,0.005,holding,
03/26 20:29:20,SOL,0.995,0.005,holding,
03/26 20:29:22,SOL,0.995,0.005,holding,
03/26 20:29:24,SOL,0.995,0.005,holding,
03/26 20:29:26,SOL,0.995,0.005,holding,
03/26 20:29:29,SOL,0.995,0.005,holding,
03/26 20:29:31,SOL,0.995,0.005,holding,
03/26 20:29:33,SOL,0.995,0.005,holding,
03/26 20:29:35,SOL,0.995,0.005,holding,
03/26 20:29:37,SOL,0.995,0.005,holding,
03/26 20:29:40,SOL,0.995,0.005,holding,
03/26 20:29:42,SOL,0.995,0.005,holding,
03/26 20:29:44,SOL,0.995,0.005,holding,
03/26 20:29:46,SOL,0.995,0.005,holding,
03/26 20:29:48,SOL,0.995,0.005,holding,
03/26 20:29:51,SOL,0.995,0.005,holding,
03/26 20:29:53,SOL,0.995,0.005,holding,
03/26 20:29:55,SOL,0.995,0.005,holding,
03/26 20:29:57,SOL,0.995,0.005,holding,
03/26 20:29:59,SOL,0.995,0.005,holding,
03/26 20:40:01,BTC,0.085,0.915,*** S2 BUY YES @ 8.50% ***,
03/26 20:40:05,SOL,0.075,0.925,*** S2 BUY YES @ 7.50% ***,
03/26 20:40:10,BTC,0.075,0.925,holding,
03/26 20:40:11,SOL,0.075,0.925,holding,
03/26 20:40:13,BTC,0.095,0.905,holding,
03/26 20:40:13,SOL,0.065,0.935,holding,
03/26 20:40:15,BTC,0.085,0.915,holding,
03/26 20:40:15,SOL,0.06,0.94,holding,
03/26 20:40:18,BTC,0.065,0.935,holding,
03/26 20:40:18,SOL,0.055,0.945,holding,
03/26 20:40:20,BTC,0.065,0.935,holding,
03/26 20:40:20,SOL,0.055,0.945,holding,
03/26 20:40:23,BTC,0.07,0.935,holding,
03/26 20:40:23,SOL,0.05,0.95,holding,
03/26 20:40:25,BTC,0.075,0.925,holding,
03/26 20:40:25,SOL,0.05,0.95,holding,
03/26 20:40:28,BTC,0.075,0.925,holding,
03/26 20:40:28,SOL,0.05,0.95,holding,
03/26 20:40:30,BTC,0.075,0.925,holding,
03/26 20:40:30,SOL,0.045,0.955,holding,
03/26 20:40:33,BTC,0.075,0.925,holding,
03/26 20:40:33,SOL,0.045,0.955,holding,
03/26 20:40:35,BTC,0.055,0.945,holding,
03/26 20:40:35,SOL,0.035,0.965,holding,
03/26 20:40:38,BTC,0.045,0.955,holding,
03/26 20:40:38,SOL,0.025,0.975,holding,
03/26 20:40:40,BTC,0.045,0.955,holding,
03/26 20:40:40,SOL,0.025,0.975,holding,
03/26 20:40:43,BTC,0.045,0.955,holding,
03/26 20:40:43,SOL,0.025,0.975,holding,
03/26 20:40:45,BTC,0.045,0.955,holding,
03/26 20:40:45,SOL,0.015,0.985,holding,
03/26 20:40:48,BTC,0.045,0.955,holding,
03/26 20:40:48,SOL,0.015,0.985,holding,
03/26 20:40:50,BTC,0.035,0.965,holding,
03/26 20:40:51,SOL,0.015,0.985,holding,
03/26 20:40:53,BTC,0.025,0.975,holding,
03/26 20:40:53,SOL,0.005,0.995,holding,
03/26 20:40:55,BTC,0.025,0.975,holding,
03/26 20:40:56,SOL,0.005,0.995,holding,
03/26 20:40:58,BTC,0.025,0.975,holding,
03/26 20:40:58,SOL,0.005,0.995,holding,
03/26 20:41:00,BTC,0.025,0.975,holding,
03/26 20:41:01,SOL,0.005,0.995,holding,
03/26 20:41:03,BTC,0.025,0.975,holding,
03/26 20:41:03,SOL,0.005,0.995,holding,
03/26 20:41:05,BTC,0.025,0.975,holding,
03/26 20:41:06,SOL,0.005,0.995,holding,
03/26 20:41:08,BTC,0.025,0.975,holding,
03/26 20:41:08,SOL,0.005,0.995,holding,
03/26 20:41:10,BTC,0.025,0.975,holding,
03/26 20:41:11,SOL,0.005,0.995,holding,
03/26 20:41:13,BTC,0.025,0.975,holding,
03/26 20:41:13,SOL,0.005,0.995,holding,
03/26 20:41:15,BTC,0.03,0.97,holding,
03/26 20:41:16,SOL,0.01,0.99,holding,
03/26 20:41:18,BTC,0.065,0.935,holding,
03/26 20:41:18,SOL,0.03,0.97,holding,
03/26 20:41:20,BTC,0.04,0.96,holding,
03/26 20:41:21,SOL,0.02,0.98,holding,
03/26 20:41:23,BTC,0.035,0.965,holding,
03/26 20:41:23,SOL,0.02,0.98,holding,
03/26 20:41:25,BTC,0.035,0.965,holding,
03/26 20:41:26,SOL,0.015,0.985,holding,
03/26 20:41:28,BTC,0.035,0.965,holding,
03/26 20:41:28,SOL,0.015,0.985,holding,
03/26 20:41:30,BTC,0.035,0.965,holding,
03/26 20:41:31,SOL,0.015,0.985,holding,
03/26 20:41:33,BTC,0.035,0.965,holding,
03/26 20:41:33,SOL,0.01,0.99,holding,
03/26 20:41:35,BTC,0.025,0.975,holding,
03/26 20:41:36,SOL,0.01,0.99,holding,
03/26 20:41:38,BTC,0.025,0.975,holding,
03/26 20:41:38,SOL,0.01,0.99,holding,
03/26 20:41:40,BTC,0.025,0.975,holding,
03/26 20:41:41,SOL,0.01,0.99,holding,
03/26 20:41:43,BTC,0.025,0.975,holding,
03/26 20:41:43,SOL,0.01,0.99,holding,
03/26 20:41:45,BTC,0.025,0.975,holding,
03/26 20:41:46,SOL,0.01,0.99,holding,
03/26 20:41:48,BTC,0.025,0.975,holding,
03/26 20:41:48,SOL,0.01,0.99,holding,
03/26 20:41:50,BTC,0.025,0.975,holding,
03/26 20:41:51,SOL,0.015,0.985,holding,
03/26 20:41:53,BTC,0.025,0.975,holding,
03/26 20:41:53,SOL,0.005,0.995,holding,
03/26 20:41:55,BTC,0.025,0.975,holding,
03/26 20:41:56,SOL,0.005,0.995,holding,
03/26 20:41:58,BTC,0.025,0.975,holding,
03/26 20:41:58,SOL,0.005,0.995,holding,
03/26 20:42:00,BTC,0.025,0.975,holding,
03/26 20:42:01,SOL,0.005,0.995,holding,
03/26 20:42:03,BTC,0.025,0.975,holding,
03/26 20:42:03,SOL,0.005,0.995,holding,
03/26 20:42:05,BTC,0.025,0.975,holding,
03/26 20:42:05,SOL,0.005,0.995,holding,
03/26 20:42:08,BTC,0.015,0.985,holding,
03/26 20:42:08,SOL,0.005,0.995,holding,
03/26 20:42:10,BTC,0.015,0.985,holding,
03/26 20:42:11,SOL,0.005,0.995,holding,
03/26 20:42:13,BTC,0.015,0.985,holding,
03/26 20:42:13,SOL,0.005,0.995,holding,
03/26 20:42:15,BTC,0.015,0.985,holding,
03/26 20:42:16,SOL,0.005,0.995,holding,
03/26 20:42:18,BTC,0.015,0.985,holding,
03/26 20:42:18,SOL,0.005,0.995,holding,
03/26 20:42:20,BTC,0.015,0.985,holding,
03/26 20:42:20,SOL,0.005,0.995,holding,
03/26 20:42:23,BTC,0.015,0.985,holding,
03/26 20:42:23,SOL,0.005,0.995,holding,
03/26 20:42:25,BTC,0.015,0.985,holding,
03/26 20:42:25,SOL,0.005,0.995,holding,
03/26 20:42:28,BTC,0.015,0.985,holding,
03/26 20:42:28,SOL,0.005,0.995,holding,
03/26 20:42:30,BTC,0.015,0.985,holding,
03/26 20:42:30,SOL,0.005,0.995,holding,
03/26 20:42:33,BTC,0.015,0.985,holding,
03/26 20:42:33,SOL,0.005,0.995,holding,
03/26 20:42:35,BTC,0.015,0.985,holding,
03/26 20:42:35,SOL,0.005,0.995,holding,
03/26 20:42:38,BTC,0.015,0.985,holding,
03/26 20:42:38,SOL,0.005,0.995,holding,
03/26 20:42:40,BTC,0.015,0.985,holding,
03/26 20:42:40,SOL,0.005,0.995,holding,
03/26 20:42:43,BTC,0.015,0.985,holding,
03/26 20:42:43,SOL,0.005,0.995,holding,
03/26 20:42:45,BTC,0.015,0.985,holding,
03/26 20:42:45,SOL,0.005,0.995,holding,
03/26 20:42:48,BTC,0.015,0.985,holding,
03/26 20:42:48,SOL,0.005,0.995,holding,
03/26 20:42:50,BTC,0.015,0.985,holding,
03/26 20:42:50,SOL,0.005,0.995,holding,
03/26 20:42:53,BTC,0.015,0.985,holding,
03/26 20:42:53,SOL,0.005,0.995,holding,
03/26 20:42:55,BTC,0.015,0.985,holding,
03/26 20:42:55,SOL,0.005,0.995,holding,
03/26 20:42:58,BTC,0.025,0.975,holding,
03/26 20:42:58,SOL,0.005,0.995,holding,
03/26 20:43:00,BTC,0.025,0.975,holding,
03/26 20:43:00,SOL,0.005,0.995,holding,
03/26 20:43:03,BTC,0.025,0.975,holding,
03/26 20:43:03,SOL,0.005,0.995,holding,
03/26 20:43:05,BTC,0.06,0.935,holding,
03/26 20:43:05,SOL,0.005,0.995,holding,
03/26 20:43:08,BTC,0.065,0.935,holding,
03/26 20:43:08,SOL,0.005,0.995,holding,
03/26 20:43:10,BTC,0.075,0.925,holding,
03/26 20:43:10,SOL,0.005,0.995,holding,
03/26 20:43:13,BTC,0.075,0.925,holding,
03/26 20:43:13,SOL,0.005,0.995,holding,
03/26 20:43:15,BTC,0.065,0.935,holding,
03/26 20:43:15,SOL,0.005,0.995,holding,
03/26 20:43:18,BTC,0.195,0.805,holding,
03/26 20:43:18,BTC,0.185,0.805,*** S2 TP1 YES @ 19.50% ***,
03/26 20:43:18,SOL,0.005,0.995,holding,
03/26 20:43:20,BTC,0.185,0.815,holding,
03/26 20:43:20,SOL,0.005,0.995,holding,
03/26 20:43:23,BTC,0.12,0.875,holding,
03/26 20:43:23,SOL,0.005,0.995,holding,
03/26 20:43:25,BTC,0.105,0.895,holding,
03/26 20:43:25,SOL,0.005,0.995,holding,
03/26 20:43:28,BTC,0.12,0.88,holding,
03/26 20:43:28,SOL,0.005,0.995,holding,
03/26 20:43:30,BTC,0.095,0.905,holding,
03/26 20:43:30,SOL,0.005,0.995,holding,
03/26 20:43:33,BTC,0.095,0.905,holding,
03/26 20:43:33,SOL,0.005,0.995,holding,
03/26 20:43:35,BTC,0.045,0.955,holding,
03/26 20:43:35,SOL,0.005,0.995,holding,
03/26 20:43:38,BTC,0.045,0.955,holding,
03/26 20:43:38,SOL,0.005,0.995,holding,
03/26 20:43:40,BTC,0.065,0.935,holding,
03/26 20:43:40,SOL,0.005,0.995,holding,
03/26 20:43:43,BTC,0.065,0.935,holding,
03/26 20:43:43,SOL,0.005,0.995,holding,
03/26 20:43:45,BTC,0.045,0.955,holding,
03/26 20:43:46,SOL,0.005,0.995,holding,
03/26 20:43:48,BTC,0.085,0.915,holding,
03/26 20:43:48,SOL,0.005,0.995,holding,
03/26 20:43:50,BTC,0.085,0.915,holding,
03/26 20:43:51,SOL,0.005,0.995,holding,
03/26 20:43:53,BTC,0.115,0.885,holding,
03/26 20:43:53,SOL,0.005,0.995,holding,
03/26 20:43:55,BTC,0.095,0.905,holding,
03/26 20:43:55,SOL,0.005,0.995,holding,
03/26 20:43:58,BTC,0.085,0.915,holding,
03/26 20:43:58,SOL,0.005,0.995,holding,
03/26 20:44:00,BTC,0.095,0.91,holding,
03/26 20:44:00,SOL,0.005,0.995,holding,
03/26 20:44:03,BTC,0.085,0.92,holding,
03/26 20:44:03,SOL,0.005,0.995,holding,
03/26 20:44:05,BTC,0.0945,0.9055,holding,
03/26 20:44:05,SOL,0.0005,0.9995,holding,
03/26 20:44:08,BTC,0.075,0.925,holding,
03/26 20:44:08,SOL,0.0005,0.9995,holding,
03/26 20:44:10,BTC,0.0845,0.915,holding,
03/26 20:44:10,SOL,0.0005,0.9995,holding,
03/26 20:44:13,BTC,0.0795,0.9205,holding,
03/26 20:44:13,SOL,0.0005,0.9995,holding,
03/26 20:44:15,BTC,0.075,0.925,holding,
03/26 20:44:15,SOL,0.0005,0.9995,holding,
03/26 20:44:18,BTC,0.075,0.925,holding,
03/26 20:44:18,SOL,0.0005,0.9995,holding,
03/26 20:44:20,BTC,0.025,0.975,holding,
03/26 20:44:20,SOL,0.0005,0.9995,holding,
03/26 20:44:23,BTC,0.015,0.985,holding,
03/26 20:44:23,SOL,0.0005,0.9995,holding,
03/26 20:44:25,BTC,0.0145,0.9855,holding,
03/26 20:44:25,SOL,0.0005,0.9995,holding,
03/26 20:44:28,BTC,0.0125,0.9875,holding,
03/26 20:44:28,SOL,0.0005,0.9995,holding,
03/26 20:44:30,BTC,0.0125,0.9875,holding,
03/26 20:44:30,SOL,0.0005,0.9995,holding,
03/26 20:44:33,BTC,0.0085,0.9915,holding,
03/26 20:44:33,SOL,0.0005,0.9995,holding,
03/26 20:44:35,BTC,0.006,0.994,holding,
03/26 20:44:35,SOL,0.0005,0.9995,holding,
03/26 20:44:38,BTC,0.006,0.994,holding,
03/26 20:44:38,SOL,0.0005,0.9995,holding,
03/26 20:44:40,BTC,0.006,0.994,holding,
03/26 20:44:40,SOL,0.0005,0.9995,holding,
03/26 20:44:43,BTC,0.0055,0.9945,holding,
03/26 20:44:43,SOL,0.0005,0.9995,holding,
03/26 20:44:45,BTC,0.0055,0.9945,holding,
03/26 20:44:45,SOL,0.0005,0.9995,holding,
03/26 20:44:48,BTC,0.0055,0.9945,holding,
03/26 20:44:48,SOL,0.0005,0.9995,holding,
03/26 20:44:50,BTC,0.0055,0.9945,holding,
03/26 20:44:50,SOL,0.0005,0.9995,holding,
03/26 20:44:53,BTC,0.0005,0.9995,holding,
03/26 20:44:53,SOL,0.0005,0.9995,holding,
03/26 20:44:55,BTC,0.0005,0.9995,holding,
03/26 20:44:55,SOL,0.0005,0.9995,holding,
03/26 20:44:58,BTC,0.0005,0.9995,holding,
03/26 20:44:58,SOL,0.0005,0.9995,holding,
03/26 21:10:01,ETH,0.935,0.065,*** S2 BUY NO @ 6.50% ***,
03/26 21:10:05,SOL,0.925,0.075,*** S2 BUY NO @ 7.50% ***,
03/26 21:10:10,ETH,0.905,0.095,holding,
03/26 21:10:11,SOL,0.925,0.075,holding,
03/26 21:10:13,ETH,0.885,0.12,holding,
03/26 21:10:14,SOL,0.895,0.105,holding,
03/26 21:10:16,ETH,0.875,0.125,holding,
03/26 21:10:17,SOL,0.91,0.09,holding,
03/26 21:10:19,ETH,0.875,0.125,holding,
03/26 21:10:19,SOL,0.905,0.095,holding,
03/26 21:10:22,ETH,0.885,0.115,holding,
03/26 21:10:22,SOL,0.92,0.08,holding,
03/26 21:10:25,ETH,0.885,0.115,holding,
03/26 21:10:25,SOL,0.92,0.08,holding,
03/26 21:10:28,ETH,0.885,0.115,holding,
03/26 21:10:28,SOL,0.92,0.08,holding,
03/26 21:10:31,ETH,0.885,0.115,holding,
03/26 21:10:31,SOL,0.925,0.075,holding,
03/26 21:10:34,ETH,0.885,0.115,holding,
03/26 21:10:34,SOL,0.905,0.095,holding,
03/26 21:10:37,ETH,0.825,0.175,*** S2 TP1 NO @ 17.50% ***,
03/26 21:10:37,ETH,0.825,0.175,holding,
03/26 21:10:37,SOL,0.905,0.095,holding,
03/26 21:10:40,ETH,0.825,0.175,holding,
03/26 21:10:40,SOL,0.905,0.095,holding,
03/26 21:10:43,ETH,0.825,0.175,holding,
03/26 21:10:43,SOL,0.89,0.11,holding,
03/26 21:10:46,ETH,0.825,0.175,holding,
03/26 21:10:46,SOL,0.875,0.125,holding,
03/26 21:10:49,ETH,0.835,0.165,holding,
03/26 21:10:49,SOL,0.87,0.13,holding,
03/26 21:10:52,ETH,0.835,0.165,holding,
03/26 21:10:52,SOL,0.885,0.115,holding,
03/26 21:10:55,ETH,0.865,0.135,holding,
03/26 21:10:55,SOL,0.875,0.125,holding,
03/26 21:10:58,ETH,0.865,0.135,holding,
03/26 21:10:58,SOL,0.885,0.115,holding,
03/26 21:11:01,ETH,0.865,0.135,holding,
03/26 21:11:01,SOL,0.895,0.105,holding,
03/26 21:11:04,ETH,0.865,0.135,holding,
03/26 21:11:04,SOL,0.885,0.115,holding,
03/26 21:11:07,ETH,0.875,0.125,holding,
03/26 21:11:07,SOL,0.885,0.115,holding,
03/26 21:11:10,ETH,0.895,0.105,holding,
03/26 21:11:10,SOL,0.895,0.105,holding,
03/26 21:11:13,ETH,0.925,0.075,holding,
03/26 21:11:13,SOL,0.935,0.065,holding,
03/26 21:11:16,ETH,0.915,0.085,holding,
03/26 21:11:16,SOL,0.925,0.075,holding,
03/26 21:11:18,ETH,0.925,0.075,holding,
03/26 21:11:19,SOL,0.925,0.075,holding,
03/26 21:11:21,ETH,0.925,0.075,holding,
03/26 21:11:22,SOL,0.955,0.045,holding,
03/26 21:11:24,ETH,0.925,0.075,holding,
03/26 21:11:24,SOL,0.955,0.045,holding,
03/26 21:11:27,ETH,0.955,0.045,holding,
03/26 21:11:27,SOL,0.975,0.025,holding,
03/26 21:11:30,ETH,0.955,0.045,holding,
03/26 21:11:30,SOL,0.975,0.025,holding,
03/26 21:11:33,ETH,0.955,0.045,holding,
03/26 21:11:33,SOL,0.975,0.025,holding,
03/26 21:11:36,ETH,0.955,0.045,holding,
03/26 21:11:36,SOL,0.97,0.03,holding,
03/26 21:11:38,ETH,0.955,0.045,holding,
03/26 21:11:39,SOL,0.975,0.025,holding,
03/26 21:11:41,ETH,0.955,0.045,holding,
03/26 21:11:42,SOL,0.975,0.025,holding,
03/26 21:11:44,ETH,0.955,0.045,holding,
03/26 21:11:44,SOL,0.975,0.025,holding,
03/26 21:11:47,ETH,0.965,0.035,holding,
03/26 21:11:47,SOL,0.965,0.035,holding,
03/26 21:11:50,ETH,0.965,0.035,holding,
03/26 21:11:50,SOL,0.965,0.035,holding,
03/26 21:11:53,ETH,0.965,0.035,holding,
03/26 21:11:53,SOL,0.965,0.035,holding,
03/26 21:11:56,ETH,0.965,0.035,holding,
03/26 21:11:56,SOL,0.965,0.035,holding,
03/26 21:11:59,ETH,0.965,0.035,holding,
03/26 21:11:59,SOL,0.965,0.035,holding,
03/26 21:12:02,ETH,0.975,0.025,holding,
03/26 21:12:02,SOL,0.975,0.025,holding,
03/26 21:12:04,ETH,0.985,0.015,holding,
03/26 21:12:05,SOL,0.975,0.025,holding,
03/26 21:12:07,ETH,0.985,0.015,holding,
03/26 21:12:08,SOL,0.985,0.015,holding,
03/26 21:12:10,ETH,0.985,0.015,holding,
03/26 21:12:11,SOL,0.985,0.015,holding,
03/26 21:12:13,ETH,0.985,0.015,holding,
03/26 21:12:13,SOL,0.985,0.015,holding,
03/26 21:12:16,ETH,0.985,0.015,holding,
03/26 21:12:16,SOL,0.985,0.015,holding,
03/26 21:12:19,ETH,0.985,0.015,holding,
03/26 21:12:19,SOL,0.995,0.005,holding,
03/26 21:12:22,ETH,0.985,0.015,holding,
03/26 21:12:23,SOL,0.995,0.005,holding,
03/26 21:12:25,ETH,0.985,0.015,holding,
03/26 21:12:26,SOL,0.995,0.005,holding,
03/26 21:12:28,ETH,0.985,0.015,holding,
03/26 21:12:29,SOL,0.995,0.005,holding,
03/26 21:12:31,ETH,0.985,0.015,holding,
03/26 21:12:32,SOL,0.985,0.015,holding,
03/26 21:12:34,ETH,0.99,0.01,holding,
03/26 21:12:34,SOL,0.985,0.015,holding,
03/26 21:12:37,ETH,0.99,0.01,holding,
03/26 21:12:37,SOL,0.985,0.015,holding,
03/26 21:12:40,ETH,0.995,0.005,holding,
03/26 21:12:40,SOL,0.985,0.015,holding,
03/26 21:12:43,ETH,0.985,0.015,holding,
03/26 21:12:43,SOL,0.985,0.015,holding,
03/26 21:12:46,ETH,0.985,0.015,holding,
03/26 21:12:46,SOL,0.985,0.015,holding,
03/26 21:12:49,ETH,0.99,0.01,holding,
03/26 21:12:49,SOL,0.985,0.015,holding,
03/26 21:12:51,ETH,0.99,0.01,holding,
03/26 21:12:52,SOL,0.985,0.015,holding,
03/26 21:12:54,ETH,0.99,0.01,holding,
03/26 21:12:55,SOL,0.985,0.015,holding,
03/26 21:12:57,ETH,0.99,0.01,holding,
03/26 21:12:57,SOL,0.985,0.015,holding,
03/26 21:13:00,ETH,0.99,0.01,holding,
03/26 21:13:00,SOL,0.985,0.015,holding,
03/26 21:13:03,ETH,0.995,0.005,holding,
03/26 21:13:03,SOL,0.985,0.015,holding,
03/26 21:13:06,ETH,0.995,0.005,holding,
03/26 21:13:06,SOL,0.995,0.005,holding,
03/26 21:13:09,ETH,0.995,0.005,holding,
03/26 21:13:09,SOL,0.995,0.005,holding,
03/26 21:13:12,ETH,0.995,0.005,holding,
03/26 21:13:12,SOL,0.995,0.005,holding,
03/26 21:13:14,ETH,0.995,0.005,holding,
03/26 21:13:15,SOL,0.995,0.005,holding,
03/26 21:13:17,ETH,0.995,0.005,holding,
03/26 21:13:17,SOL,0.995,0.005,holding,
03/26 21:13:20,ETH,0.995,0.005,holding,
03/26 21:13:20,SOL,0.995,0.005,holding,
03/26 21:13:23,ETH,0.995,0.005,holding,
03/26 21:13:23,SOL,0.995,0.005,holding,
03/26 21:13:26,ETH,0.9995,0.0005,holding,
03/26 21:13:26,SOL,0.9995,0.0005,holding,
03/26 21:13:29,ETH,0.9995,0.0005,holding,
03/26 21:13:29,SOL,0.9995,0.0005,holding,
03/26 21:13:32,ETH,0.9995,0.0005,holding,
03/26 21:13:32,SOL,0.9995,0.0005,holding,
03/26 21:13:34,ETH,0.9995,0.0005,holding,
03/26 21:13:35,SOL,0.9995,0.0005,holding,
03/26 21:13:37,ETH,0.9995,0.0005,holding,
03/26 21:13:37,SOL,0.9995,0.0005,holding,
03/26 21:13:40,ETH,0.9995,0.0005,holding,
03/26 21:13:40,SOL,0.9995,0.0005,holding,
03/26 21:13:43,ETH,0.9995,0.0005,holding,
03/26 21:13:43,SOL,0.9995,0.0005,holding,
03/26 21:13:46,ETH,0.9995,0.0005,holding,
03/26 21:13:46,SOL,0.9995,0.0005,holding,
03/26 21:13:49,ETH,0.9995,0.0005,holding,
03/26 21:13:49,SOL,0.9995,0.0005,holding,
03/26 21:13:51,ETH,0.9995,0.0005,holding,
03/26 21:13:52,SOL,0.9995,0.0005,holding,
03/26 21:13:54,ETH,0.9995,0.0005,holding,
03/26 21:13:55,SOL,0.9995,0.0005,holding,
03/26 21:13:57,ETH,0.9995,0.0005,holding,
03/26 21:13:58,SOL,0.9995,0.0005,holding,
03/26 21:14:01,ETH,0.9995,0.0005,holding,
03/26 21:14:01,SOL,0.9995,0.0005,holding,
03/26 21:14:04,ETH,0.9995,0.0005,holding,
03/26 21:14:04,SOL,0.9995,0.0005,holding,
03/26 21:14:07,ETH,0.9995,0.0005,holding,
03/26 21:14:07,SOL,0.9995,0.0005,holding,
03/26 21:14:10,ETH,0.9995,0.0005,holding,
03/26 21:14:10,SOL,0.9995,0.0005,holding,
03/26 21:14:13,ETH,0.9995,0.0005,holding,
03/26 21:14:13,SOL,0.9995,0.0005,holding,
03/26 21:14:16,ETH,0.9995,0.0005,holding,
03/26 21:14:16,SOL,0.9995,0.0005,holding,
03/26 21:14:19,ETH,0.9995,0.0005,holding,
03/26 21:14:19,SOL,0.9995,0.0005,holding,
03/26 21:14:22,ETH,0.9995,0.0005,holding,
03/26 21:14:22,SOL,0.9995,0.0005,holding,
03/26 21:14:25,ETH,0.9995,0.0005,holding,
03/26 21:14:25,SOL,0.9995,0.0005,holding,
03/26 21:14:27,ETH,0.9995,0.0005,holding,
03/26 21:14:28,SOL,0.9995,0.0005,holding,
03/26 21:14:30,ETH,0.9995,0.0005,holding,
03/26 21:14:31,SOL,0.9995,0.0005,holding,
03/26 21:14:33,ETH,0.9995,0.0005,holding,
03/26 21:14:33,SOL,0.9995,0.0005,holding,
03/26 21:14:36,ETH,0.9995,0.0005,holding,
03/26 21:14:36,SOL,0.9995,0.0005,holding,
03/26 21:14:39,ETH,0.9995,0.0005,holding,
03/26 21:14:39,SOL,0.9995,0.0005,holding,
03/26 21:14:42,ETH,0.9995,0.0005,holding,
03/26 21:14:42,SOL,0.9995,0.0005,holding,
03/26 21:14:45,ETH,0.9995,0.0005,holding,
03/26 21:14:45,SOL,0.9995,0.0005,holding,
03/26 21:14:47,ETH,0.9995,0.0005,holding,
03/26 21:14:48,SOL,0.9995,0.0005,holding,
03/26 21:14:50,ETH,0.9995,0.0005,holding,
03/26 21:14:51,SOL,0.9995,0.0005,holding,
03/26 21:14:53,ETH,0.9995,0.0005,holding,
03/26 21:14:53,SOL,0.9995,0.0005,holding,
03/26 21:14:56,ETH,0.9995,0.0005,holding,
03/26 21:14:56,SOL,0.9995,0.0005,holding,
03/26 21:14:59,ETH,0.9995,0.0005,holding,
03/26 21:14:59,SOL,0.9995,0.0005,holding,
03/26 21:55:02,SOL,0.95,0.05,*** S2 BUY NO @ 5.00% ***,
03/26 21:55:09,XRP,0.925,0.075,*** S2 BUY NO @ 7.50% ***,
03/26 21:55:17,SOL,0.93,0.07,holding,
03/26 21:55:18,XRP,0.925,0.075,holding,
03/26 21:55:21,SOL,0.93,0.07,holding,
03/26 21:55:21,XRP,0.905,0.095,holding,
03/26 21:55:24,SOL,0.925,0.075,holding,
03/26 21:55:24,XRP,0.915,0.085,holding,
03/26 21:55:27,SOL,0.92,0.08,holding,
03/26 21:55:28,XRP,0.915,0.085,holding,
03/26 21:55:31,SOL,0.92,0.08,holding,
03/26 21:55:31,XRP,0.905,0.095,holding,
03/26 21:55:34,SOL,0.905,0.095,holding,
03/26 21:55:34,XRP,0.895,0.105,holding,
03/26 21:55:37,SOL,0.915,0.085,holding,
03/26 21:55:37,XRP,0.915,0.09,holding,
03/26 21:55:40,SOL,0.875,0.125,holding,
03/26 21:55:41,XRP,0.88,0.12,holding,
03/26 21:55:44,SOL,0.87,0.13,holding,
03/26 21:55:44,XRP,0.89,0.11,holding,
03/26 21:55:47,SOL,0.88,0.12,holding,
03/26 21:55:47,XRP,0.89,0.11,holding,
03/26 21:55:50,SOL,0.865,0.135,holding,
03/26 21:55:51,XRP,0.875,0.125,holding,
03/26 21:55:54,SOL,0.875,0.125,holding,
03/26 21:55:54,XRP,0.875,0.125,holding,
03/26 21:55:57,SOL,0.875,0.125,holding,
03/26 21:55:57,XRP,0.885,0.115,holding,
03/26 21:56:00,SOL,0.875,0.125,holding,
03/26 21:56:00,XRP,0.865,0.135,holding,
03/26 21:56:03,SOL,0.875,0.125,holding,
03/26 21:56:04,XRP,0.89,0.115,holding,
03/26 21:56:07,XRP,0.845,0.16,*** S2 TP1 NO @ 15.50% ***,
03/26 21:56:07,SOL,0.855,0.145,holding,
03/26 21:56:07,SOL,0.845,0.155,*** S2 TP1 NO @ 16.00% ***,
03/26 21:56:07,XRP,0.825,0.175,holding,
03/26 21:56:10,SOL,0.825,0.175,holding,
03/26 21:56:10,XRP,0.87,0.13,holding,
03/26 21:56:13,SOL,0.865,0.135,holding,
03/26 21:56:14,XRP,0.87,0.13,holding,
03/26 21:56:17,SOL,0.865,0.135,holding,
03/26 21:56:17,XRP,0.83,0.17,holding,
03/26 21:56:20,SOL,0.88,0.12,holding,
03/26 21:56:20,XRP,0.845,0.155,holding,
03/26 21:56:24,SOL,0.825,0.175,holding,
03/26 21:56:24,XRP,0.77,0.23,holding,
03/26 21:56:27,SOL,0.8,0.2,holding,
03/26 21:56:28,XRP,0.74,0.26,holding,
03/26 21:56:31,SOL,0.815,0.185,holding,
03/26 21:56:31,XRP,0.78,0.22,holding,
03/26 21:56:34,SOL,0.86,0.135,holding,
03/26 21:56:34,XRP,0.81,0.19,holding,
03/26 21:56:37,SOL,0.91,0.09,holding,
03/26 21:56:38,XRP,0.88,0.12,holding,
03/26 21:56:41,SOL,0.89,0.11,holding,
03/26 21:56:41,XRP,0.875,0.125,holding,
03/26 21:56:44,SOL,0.83,0.17,holding,
03/26 21:56:44,XRP,0.825,0.175,holding,
03/26 21:56:47,SOL,0.825,0.17,holding,
03/26 21:56:47,XRP,0.835,0.165,holding,
03/26 21:56:50,SOL,0.83,0.17,holding,
03/26 21:56:51,XRP,0.85,0.15,holding,
03/26 21:56:54,SOL,0.815,0.185,holding,
03/26 21:56:54,XRP,0.805,0.195,holding,
03/26 21:56:57,SOL,0.815,0.185,holding,
03/26 21:56:57,XRP,0.81,0.19,holding,
03/26 21:57:00,SOL,0.81,0.19,holding,
03/26 21:57:00,XRP,0.815,0.185,holding,
03/26 21:57:03,SOL,0.855,0.145,holding,
03/26 21:57:04,XRP,0.88,0.125,holding,
03/26 21:57:07,SOL,0.835,0.165,holding,
03/26 21:57:07,XRP,0.855,0.145,holding,
03/26 21:57:10,SOL,0.79,0.21,holding,
03/26 21:57:10,XRP,0.835,0.165,holding,
03/26 21:57:14,SOL,0.645,0.34,holding,
03/26 21:57:14,XRP,0.8,0.2,holding,
03/26 21:57:18,SOL,0.745,0.255,holding,
03/26 21:57:18,XRP,0.875,0.125,holding,
03/26 21:57:21,SOL,0.72,0.285,holding,
03/26 21:57:22,XRP,0.845,0.155,holding,
03/26 21:57:25,SOL,0.69,0.31,holding,
03/26 21:57:25,XRP,0.85,0.15,holding,
03/26 21:57:28,SOL,0.65,0.35,holding,
03/26 21:57:28,XRP,0.85,0.15,holding,
03/26 21:57:31,SOL,0.585,0.415,*** S2 TP2 NO @ 41.50% ***,
03/26 21:57:31,SOL,0.575,0.425,holding,
03/26 21:57:31,XRP,0.8,0.2,holding,
03/26 21:57:34,SOL,0.595,0.405,holding,
03/26 21:57:35,XRP,0.82,0.18,holding,
03/26 21:57:38,SOL,0.505,0.495,holding,
03/26 21:57:38,XRP,0.795,0.205,holding,
03/26 21:57:41,SOL,0.485,0.515,holding,
03/26 21:57:42,XRP,0.835,0.165,holding,
03/26 21:57:44,SOL,0.345,0.66,holding,
03/26 21:57:45,XRP,0.755,0.245,holding,
03/26 21:57:48,SOL,0.435,0.565,holding,
03/26 21:57:48,XRP,0.835,0.165,holding,
03/26 21:57:51,SOL,0.465,0.535,holding,
03/26 21:57:51,XRP,0.835,0.165,holding,
03/26 21:57:54,SOL,0.48,0.52,holding,
03/26 21:57:55,XRP,0.845,0.155,holding,
03/26 21:57:58,SOL,0.53,0.47,holding,
03/26 21:57:58,XRP,0.855,0.145,holding,
03/26 21:58:01,SOL,0.52,0.465,holding,
03/26 21:58:01,XRP,0.875,0.125,holding,
03/26 21:58:04,SOL,0.615,0.385,holding,
03/26 21:58:04,XRP,0.885,0.115,holding,
03/26 21:58:07,SOL,0.59,0.415,holding,
03/26 21:58:07,XRP,0.865,0.135,holding,
03/26 21:58:10,SOL,0.525,0.475,holding,
03/26 21:58:11,XRP,0.865,0.135,holding,
03/26 21:58:14,SOL,0.49,0.51,holding,
03/26 21:58:14,XRP,0.875,0.125,holding,
03/26 21:58:17,SOL,0.53,0.47,holding,
03/26 21:58:17,XRP,0.885,0.115,holding,
03/26 21:58:20,SOL,0.625,0.385,holding,
03/26 21:58:20,XRP,0.905,0.095,holding,
03/26 21:58:23,SOL,0.545,0.455,holding,
03/26 21:58:24,XRP,0.83,0.17,holding,
03/26 21:58:26,SOL,0.485,0.515,holding,
03/26 21:58:27,XRP,0.875,0.13,holding,
03/26 21:58:30,SOL,0.475,0.525,holding,
03/26 21:58:30,XRP,0.87,0.13,holding,
03/26 21:58:33,SOL,0.515,0.49,holding,
03/26 21:58:33,XRP,0.88,0.12,holding,
03/26 21:58:36,SOL,0.37,0.63,holding,
03/26 21:58:37,XRP,0.75,0.26,holding,
03/26 21:58:39,SOL,0.325,0.675,holding,
03/26 21:58:40,XRP,0.74,0.26,holding,
03/26 21:58:43,SOL,0.36,0.64,holding,
03/26 21:58:43,XRP,0.695,0.305,holding,
03/26 21:58:46,SOL,0.35,0.65,holding,
03/26 21:58:46,XRP,0.75,0.245,holding,
03/26 21:58:49,SOL,0.39,0.61,holding,
03/26 21:58:50,XRP,0.745,0.255,holding,
03/26 21:58:53,SOL,0.485,0.515,holding,
03/26 21:58:53,XRP,0.785,0.215,holding,
03/26 21:58:56,SOL,0.425,0.575,holding,
03/26 21:58:56,XRP,0.69,0.315,holding,
03/26 21:58:59,SOL,0.39,0.61,holding,
03/26 21:58:59,XRP,0.69,0.31,holding,
03/26 21:59:03,SOL,0.265,0.705,holding,
03/26 21:59:03,XRP,0.595,0.405,*** S2 TP2 NO @ 40.50% ***,
03/26 21:59:03,XRP,0.595,0.405,holding,
03/26 21:59:06,SOL,0.2,0.8,holding,
03/26 21:59:07,XRP,0.575,0.425,holding,
03/26 21:59:09,SOL,0.215,0.785,holding,
03/26 21:59:10,XRP,0.625,0.375,holding,
03/26 21:59:13,SOL,0.385,0.615,holding,
03/26 21:59:14,XRP,0.725,0.275,holding,
03/26 21:59:17,SOL,0.375,0.625,holding,
03/26 21:59:17,XRP,0.715,0.285,holding,
03/26 21:59:20,SOL,0.63,0.36,holding,
03/26 21:59:20,XRP,0.93,0.07,holding,
03/26 21:59:24,SOL,0.7,0.305,holding,
03/26 21:59:24,XRP,0.96,0.04,holding,
03/26 21:59:27,SOL,0.695,0.305,holding,
03/26 21:59:27,XRP,0.955,0.045,holding,
03/26 21:59:30,SOL,0.735,0.265,holding,
03/26 21:59:30,XRP,0.965,0.035,holding,
03/26 21:59:34,SOL,0.715,0.285,holding,
03/26 21:59:34,XRP,0.955,0.045,holding,
03/26 21:59:37,SOL,0.775,0.225,holding,
03/26 21:59:37,XRP,0.96,0.04,holding,
03/26 21:59:40,SOL,0.805,0.195,holding,
03/26 21:59:40,XRP,0.97,0.03,holding,
03/26 21:59:43,SOL,0.8,0.21,holding,
03/26 21:59:44,XRP,0.975,0.025,holding,
03/26 21:59:46,SOL,0.955,0.05,holding,
03/26 21:59:47,XRP,0.995,0.005,holding,
03/26 21:59:50,SOL,0.94,0.06,holding,
03/26 21:59:50,XRP,0.995,0.005,holding,
03/26 21:59:54,SOL,0.985,0.015,holding,
03/26 21:59:54,XRP,0.995,0.005,holding,
03/26 21:59:57,SOL,0.995,0.005,holding,
03/26 21:59:57,XRP,0.995,0.005,holding,
03/26 22:00:00,SOL,0.995,0.005,holding,
03/26 22:00:00,XRP,0.995,0.005,holding,
03/26 22:25:02,ETH,0.095,0.905,*** S2 BUY YES @ 9.50% ***,
03/26 22:25:10,SOL,0.065,0.935,*** S2 BUY YES @ 6.50% ***,
03/26 22:25:16,XRP,0.07,0.93,*** S2 BUY YES @ 7.00% ***,
03/26 22:25:25,ETH,0.055,0.945,holding,
03/26 22:25:25,SOL,0.055,0.945,holding,
03/26 22:25:25,XRP,0.105,0.895,holding,
03/26 22:25:28,ETH,0.085,0.915,holding,
03/26 22:25:29,SOL,0.075,0.925,holding,
03/26 22:25:29,XRP,0.125,0.875,holding,
03/26 22:25:32,ETH,0.075,0.925,holding,
03/26 22:25:32,SOL,0.07,0.925,holding,
03/26 22:25:33,XRP,0.125,0.875,holding,
03/26 22:25:36,ETH,0.065,0.935,holding,
03/26 22:25:36,SOL,0.055,0.945,holding,
03/26 22:25:36,XRP,0.105,0.895,holding,
03/26 22:25:39,ETH,0.065,0.935,holding,
03/26 22:25:40,SOL,0.055,0.945,holding,
03/26 22:25:40,XRP,0.115,0.885,holding,
03/26 22:25:43,ETH,0.055,0.945,holding,
03/26 22:25:44,SOL,0.05,0.95,holding,
03/26 22:25:44,XRP,0.115,0.885,holding,
03/26 22:25:47,ETH,0.075,0.925,holding,
03/26 22:25:47,SOL,0.055,0.945,holding,
03/26 22:25:48,XRP,0.115,0.885,holding,
03/26 22:25:50,ETH,0.065,0.935,holding,
03/26 22:25:51,SOL,0.055,0.945,holding,
03/26 22:25:51,XRP,0.13,0.87,holding,
03/26 22:25:54,ETH,0.065,0.935,holding,
03/26 22:25:55,SOL,0.055,0.945,holding,
03/26 22:25:55,XRP,0.135,0.865,holding,
03/26 22:25:58,XRP,0.175,0.825,*** S2 TP1 YES @ 17.50% ***,
03/26 22:25:58,ETH,0.075,0.925,holding,
03/26 22:25:58,SOL,0.075,0.925,holding,
03/26 22:25:59,XRP,0.205,0.79,holding,
03/26 22:26:02,ETH,0.075,0.925,holding,
03/26 22:26:02,SOL,0.075,0.925,holding,
03/26 22:26:03,XRP,0.155,0.845,holding,
03/26 22:26:05,ETH,0.075,0.925,holding,
03/26 22:26:06,SOL,0.07,0.92,holding,
03/26 22:26:07,XRP,0.155,0.845,holding,
03/26 22:26:10,ETH,0.075,0.925,holding,
03/26 22:26:10,SOL,0.07,0.93,holding,
03/26 22:26:10,XRP,0.135,0.865,holding,
03/26 22:26:13,ETH,0.065,0.935,holding,
03/26 22:26:14,SOL,0.065,0.935,holding,
03/26 22:26:14,XRP,0.095,0.905,holding,
03/26 22:26:17,ETH,0.075,0.925,holding,
03/26 22:26:18,SOL,0.065,0.935,holding,
03/26 22:26:18,XRP,0.095,0.905,holding,
03/26 22:26:21,ETH,0.065,0.935,holding,
03/26 22:26:21,SOL,0.065,0.935,holding,
03/26 22:26:22,XRP,0.095,0.905,holding,
03/26 22:26:25,ETH,0.05,0.95,holding,
03/26 22:26:25,SOL,0.075,0.925,holding,
03/26 22:26:25,XRP,0.1,0.9,holding,
03/26 22:26:28,ETH,0.065,0.935,holding,
03/26 22:26:29,SOL,0.075,0.925,holding,
03/26 22:26:29,XRP,0.12,0.88,holding,
03/26 22:26:32,ETH,0.075,0.925,holding,
03/26 22:26:32,SOL,0.085,0.915,holding,
03/26 22:26:33,XRP,0.155,0.85,holding,
03/26 22:26:36,ETH,0.075,0.925,holding,
03/26 22:26:36,SOL,0.085,0.915,holding,
03/26 22:26:37,XRP,0.185,0.815,holding,
03/26 22:26:40,ETH,0.075,0.925,holding,
03/26 22:26:40,SOL,0.085,0.915,holding,
03/26 22:26:40,XRP,0.205,0.795,holding,
03/26 22:26:43,ETH,0.085,0.915,holding,
03/26 22:26:44,SOL,0.095,0.905,holding,
03/26 22:26:44,XRP,0.19,0.81,holding,
03/26 22:26:47,ETH,0.085,0.915,holding,
03/26 22:26:47,SOL,0.095,0.905,holding,
03/26 22:26:48,XRP,0.185,0.815,holding,
03/26 22:26:51,ETH,0.115,0.88,holding,
03/26 22:26:51,SOL,0.135,0.87,holding,
03/26 22:26:52,XRP,0.205,0.795,holding,
03/26 22:26:54,ETH,0.125,0.875,holding,
03/26 22:26:55,SOL,0.135,0.865,holding,
03/26 22:26:55,XRP,0.195,0.805,holding,
03/26 22:26:58,ETH,0.155,0.845,*** S2 TP1 YES @ 15.50% ***,
03/26 22:26:58,SOL,0.165,0.835,*** S2 TP1 YES @ 16.50% ***,
03/26 22:26:58,ETH,0.155,0.845,holding,
03/26 22:26:59,SOL,0.165,0.835,holding,
03/26 22:26:59,XRP,0.245,0.755,holding,
03/26 22:27:03,ETH,0.275,0.71,holding,
03/26 22:27:03,SOL,0.265,0.735,holding,
03/26 22:27:04,XRP,0.325,0.675,holding,
03/26 22:27:07,ETH,0.315,0.685,holding,
03/26 22:27:07,SOL,0.245,0.755,holding,
03/26 22:27:07,XRP,0.315,0.685,holding,
03/26 22:27:10,ETH,0.375,0.625,holding,
03/26 22:27:11,ETH,0.465,0.53,*** S2 TP2 YES @ 46.50% ***,
03/26 22:27:11,SOL,0.305,0.69,holding,
03/26 22:27:11,XRP,0.435,0.565,*** S2 TP2 YES @ 43.50% ***,
03/26 22:27:11,XRP,0.435,0.565,holding,
03/26 22:27:14,ETH,0.565,0.435,holding,
03/26 22:27:14,SOL,0.375,0.625,holding,
03/26 22:27:15,XRP,0.475,0.525,holding,
03/26 22:27:15,SOL,0.405,0.585,*** S2 TP2 YES @ 40.00% ***,
03/26 22:27:18,ETH,0.59,0.41,holding,
03/26 22:27:18,SOL,0.385,0.615,holding,
03/26 22:27:18,XRP,0.485,0.515,holding,
03/26 22:27:21,ETH,0.565,0.435,holding,
03/26 22:27:21,SOL,0.355,0.645,holding,
03/26 22:27:22,XRP,0.475,0.525,holding,
03/26 22:27:29,ETH,0.5,0.495,holding,
03/26 22:27:30,SOL,0.285,0.715,holding,
03/26 22:27:30,XRP,0.355,0.645,holding,
03/26 22:27:33,ETH,0.475,0.525,holding,
03/26 22:27:33,SOL,0.265,0.735,holding,
03/26 22:27:34,XRP,0.335,0.665,holding,
03/26 22:27:42,SOL,0.235,0.765,holding,
03/26 22:27:42,XRP,0.325,0.68,holding,
03/26 22:27:45,ETH,0.375,0.625,holding,
03/26 22:27:45,SOL,0.185,0.815,holding,
03/26 22:27:45,XRP,0.295,0.705,holding,
03/26 22:27:48,ETH,0.355,0.645,holding,
03/26 22:27:53,SOL,0.215,0.785,holding,
03/26 22:27:54,XRP,0.255,0.745,holding,
03/26 22:27:56,ETH,0.385,0.615,holding,
03/26 22:27:57,SOL,0.19,0.81,holding,
03/26 22:27:57,XRP,0.255,0.745,holding,
03/26 22:27:59,ETH,0.435,0.565,holding,
03/26 22:28:00,SOL,0.195,0.805,holding,
03/26 22:28:00,XRP,0.25,0.75,holding,
03/26 22:28:44,BTC,0.815,0.185,*** BUY YES @ 81.50% ***,
03/26 22:28:53,BTC,0.895,0.115,holding,
03/26 22:28:56,BTC,0.865,0.135,holding,
03/26 22:28:58,BTC,0.86,0.14,holding,
03/26 22:29:01,BTC,0.865,0.135,holding,
03/26 22:29:03,BTC,0.855,0.15,holding,
03/26 22:29:05,BTC,0.805,0.195,holding,
03/26 22:29:07,BTC,0.805,0.195,holding,
03/26 22:29:10,BTC,0.895,0.105,holding,
03/26 22:29:12,BTC,0.86,0.145,holding,
03/26 22:29:15,BTC,0.745,0.24,holding,
03/26 22:29:17,BTC,0.765,0.235,holding,
03/26 22:29:19,BTC,0.745,0.255,holding,
03/26 22:29:22,BTC,0.76,0.24,holding,
03/26 22:29:24,BTC,0.725,0.275,holding,
03/26 22:29:26,BTC,0.715,0.285,holding,
03/26 22:29:28,BTC,0.595,0.405,holding,
03/26 22:29:31,BTC,0.635,0.365,holding,
03/26 22:29:33,BTC,0.7,0.305,holding,
03/26 22:29:35,BTC,0.695,0.305,holding,
03/26 22:29:38,BTC,0.645,0.355,holding,
03/26 22:29:40,BTC,0.605,0.395,holding,
03/26 22:29:42,BTC,0.495,0.505,holding,
03/26 22:29:45,BTC,0.535,0.465,holding,
03/26 22:29:47,BTC,0.455,0.545,holding,
03/26 22:29:49,BTC,0.35,0.65,holding,
03/26 22:29:53,BTC,0.695,0.305,holding,
03/26 22:29:55,BTC,0.775,0.24,holding,
03/26 22:29:57,BTC,0.87,0.13,holding,
03/26 22:29:59,BTC,0.965,0.035,holding,
03/26 22:30:00,BTC,0.995,0.005,*** SELL YES @ 99.50% ***,
03/26 22:40:02,ETH,0.815,0.185,*** BUY YES @ 81.50% ***,
03/26 22:40:09,ETH,0.845,0.155,holding,
03/26 22:40:12,ETH,0.885,0.115,holding,
03/26 22:40:12,XRP,0.165,0.835,*** BUY NO @ 83.50% ***,
03/26 22:40:20,ETH,0.945,0.055,holding,
03/26 22:40:20,XRP,0.235,0.765,holding,
03/26 22:40:24,ETH,0.965,0.035,holding,
03/26 22:40:24,XRP,0.335,0.665,holding,
03/26 22:40:26,ETH,0.95,0.045,holding,
03/26 22:40:26,XRP,0.365,0.635,holding,
03/26 22:40:29,ETH,0.955,0.045,holding,
03/26 22:40:29,XRP,0.355,0.645,holding,
03/26 22:40:31,ETH,0.955,0.035,holding,
03/26 22:40:31,XRP,0.425,0.575,holding,
03/26 22:40:34,ETH,0.965,0.035,holding,
03/26 22:40:34,XRP,0.455,0.545,holding,
03/26 22:40:36,ETH,0.97,0.03,holding,
03/26 22:40:36,ETH,0.975,0.025,*** SELL YES @ 97.00% ***,
03/26 22:40:38,XRP,0.635,0.365,holding,
03/26 22:40:41,ETH,0.975,0.025,holding,
03/26 22:40:41,XRP,0.545,0.455,holding,
03/26 22:40:43,ETH,0.975,0.025,holding,
03/26 22:40:43,XRP,0.485,0.515,holding,
03/26 22:40:45,ETH,0.965,0.035,holding,
03/26 22:40:46,XRP,0.415,0.585,holding,
03/26 22:40:48,BTC,0.825,0.175,*** BUY YES @ 82.50% ***,
03/26 22:40:52,ETH,0.945,0.055,holding,
03/26 22:40:52,XRP,0.315,0.685,holding,
03/26 22:40:54,BTC,0.835,0.165,holding,
03/26 22:40:54,ETH,0.955,0.045,holding,
03/26 22:40:54,XRP,0.32,0.68,holding,
03/26 22:40:57,BTC,0.645,0.375,holding,
03/26 22:40:57,ETH,0.885,0.11,holding,
03/26 22:40:57,XRP,0.185,0.815,holding,
03/26 22:40:59,BTC,0.535,0.465,holding,
03/26 22:40:59,ETH,0.875,0.125,holding,
03/26 22:40:59,XRP,0.14,0.86,holding,
03/26 22:41:02,BTC,0.625,0.375,holding,
03/26 22:41:02,ETH,0.91,0.09,holding,
03/26 22:41:03,XRP,0.145,0.865,holding,
03/26 22:41:05,BTC,0.585,0.415,holding,
03/26 22:41:05,ETH,0.905,0.095,holding,
03/26 22:41:05,XRP,0.135,0.865,holding,
03/26 22:41:07,BTC,0.555,0.445,holding,
03/26 22:41:07,ETH,0.905,0.095,holding,
03/26 22:41:08,XRP,0.11,0.89,holding,
03/26 22:41:10,BTC,0.435,0.565,holding,
03/26 22:41:10,ETH,0.825,0.175,holding,
03/26 22:41:10,XRP,0.08,0.92,holding,
03/26 22:41:13,BTC,0.285,0.715,holding,
03/26 22:41:13,BTC,0.285,0.715,*** CUT-LOSS YES @ 28.50% ***,
03/26 22:41:16,BTC,0.275,0.725,*** FLIP BUY NO @ 72.50% ***,
03/26 22:41:20,ETH,0.76,0.245,holding,
03/26 22:41:20,XRP,0.085,0.915,holding,
03/26 22:41:23,BTC,0.355,0.645,holding,
03/26 22:41:23,ETH,0.765,0.235,holding,
03/26 22:41:23,XRP,0.075,0.925,holding,
03/26 22:41:25,BTC,0.415,0.585,holding,
03/26 22:41:25,ETH,0.8,0.195,holding,
03/26 22:41:26,XRP,0.09,0.91,holding,
03/26 22:41:28,BTC,0.435,0.565,holding,
03/26 22:41:28,ETH,0.81,0.19,holding,
03/26 22:41:28,XRP,0.08,0.92,holding,
03/26 22:41:30,BTC,0.395,0.585,holding,
03/26 22:41:30,ETH,0.815,0.185,holding,
03/26 22:41:31,XRP,0.075,0.925,holding,
03/26 22:41:33,BTC,0.485,0.515,holding,
03/26 22:41:33,ETH,0.82,0.18,holding,
03/26 22:41:33,XRP,0.09,0.91,holding,
03/26 22:41:36,BTC,0.455,0.545,holding,
03/26 22:41:36,ETH,0.815,0.185,holding,
03/26 22:41:36,XRP,0.09,0.91,holding,
03/26 22:41:38,BTC,0.485,0.51,holding,
03/26 22:41:38,ETH,0.85,0.15,holding,
03/26 22:41:39,XRP,0.095,0.905,holding,
03/26 22:41:41,BTC,0.475,0.525,holding,
03/26 22:41:41,ETH,0.835,0.165,holding,
03/26 22:41:41,XRP,0.095,0.905,holding,
03/26 22:41:43,BTC,0.625,0.355,holding,
03/26 22:41:43,ETH,0.915,0.075,holding,
03/26 22:41:44,XRP,0.195,0.805,holding,
03/26 22:41:46,BTC,0.695,0.305,holding,
03/26 22:41:46,ETH,0.945,0.055,holding,
03/26 22:41:46,XRP,0.195,0.805,holding,
03/26 22:41:48,BTC,0.715,0.285,holding,
03/26 22:41:49,ETH,0.945,0.05,holding,
03/26 22:41:49,XRP,0.225,0.775,holding,
03/26 22:41:51,BTC,0.655,0.345,holding,
03/26 22:41:51,ETH,0.915,0.085,holding,
03/26 22:41:51,XRP,0.155,0.845,holding,
03/26 22:41:53,BTC,0.555,0.445,holding,
03/26 22:41:54,ETH,0.865,0.135,holding,
03/26 22:41:54,XRP,0.115,0.885,holding,
03/26 22:41:56,BTC,0.475,0.525,holding,
03/26 22:41:56,ETH,0.825,0.175,holding,
03/26 22:41:56,XRP,0.075,0.925,holding,
03/26 22:41:59,BTC,0.555,0.445,holding,
03/26 22:41:59,ETH,0.875,0.125,holding,
03/26 22:41:59,XRP,0.105,0.895,holding,
03/26 22:42:01,BTC,0.525,0.475,holding,
03/26 22:42:01,ETH,0.875,0.125,holding,
03/26 22:42:02,XRP,0.085,0.915,holding,
03/26 22:42:04,BTC,0.505,0.495,holding,
03/26 22:42:04,ETH,0.88,0.12,holding,
03/26 22:42:04,XRP,0.05,0.95,holding,
03/26 22:42:06,BTC,0.475,0.525,holding,
03/26 22:42:06,ETH,0.845,0.155,holding,
03/26 22:42:07,XRP,0.04,0.96,holding,
03/26 22:42:09,BTC,0.345,0.655,holding,
03/26 22:42:09,XRP,0.025,0.97,*** SELL NO @ 97.50% ***,
03/26 22:42:11,ETH,0.855,0.145,holding,
03/26 22:42:12,XRP,0.05,0.95,holding,
03/26 22:42:14,BTC,0.405,0.59,holding,
03/26 22:42:14,ETH,0.83,0.165,holding,
03/26 22:42:14,XRP,0.05,0.95,holding,
03/26 22:42:16,BTC,0.385,0.615,holding,
03/26 22:42:16,ETH,0.85,0.15,holding,
03/26 22:42:17,XRP,0.04,0.96,holding,
03/26 22:42:19,BTC,0.435,0.56,holding,
03/26 22:42:19,ETH,0.855,0.145,holding,
03/26 22:42:19,XRP,0.04,0.96,holding,
03/26 22:42:21,BTC,0.445,0.555,holding,
03/26 22:42:21,ETH,0.86,0.145,holding,
03/26 22:42:21,XRP,0.04,0.96,holding,
03/26 22:42:24,BTC,0.425,0.575,holding,
03/26 22:42:24,ETH,0.855,0.145,holding,
03/26 22:42:24,XRP,0.04,0.96,holding,
03/26 22:42:26,BTC,0.485,0.515,holding,
03/26 22:42:26,ETH,0.885,0.115,holding,
03/26 22:42:26,XRP,0.04,0.96,holding,
03/26 22:42:28,BTC,0.435,0.565,holding,
03/26 22:42:29,ETH,0.865,0.135,holding,
03/26 22:42:29,XRP,0.04,0.96,holding,
03/26 22:42:31,BTC,0.475,0.525,holding,
03/26 22:42:31,ETH,0.895,0.105,holding,
03/26 22:42:31,XRP,0.05,0.95,holding,
03/26 22:42:34,BTC,0.495,0.505,holding,
03/26 22:42:34,ETH,0.905,0.095,holding,
03/26 22:42:34,XRP,0.065,0.935,holding,
03/26 22:42:36,BTC,0.525,0.475,holding,
03/26 22:42:36,ETH,0.915,0.085,holding,
03/26 22:42:36,XRP,0.06,0.94,holding,
03/26 22:42:38,BTC,0.545,0.46,holding,
03/26 22:42:39,ETH,0.93,0.065,holding,
03/26 22:42:39,XRP,0.065,0.935,holding,
03/26 22:42:41,BTC,0.475,0.525,holding,
03/26 22:42:41,ETH,0.925,0.075,holding,
03/26 22:42:41,XRP,0.06,0.94,holding,
03/26 22:42:43,BTC,0.585,0.415,holding,
03/26 22:42:43,ETH,0.96,0.045,holding,
03/26 22:42:44,XRP,0.065,0.935,holding,
03/26 22:42:46,BTC,0.535,0.465,holding,
03/26 22:42:46,ETH,0.945,0.055,holding,
03/26 22:42:46,XRP,0.055,0.945,holding,
03/26 22:42:48,BTC,0.375,0.625,holding,
03/26 22:42:48,ETH,0.895,0.105,holding,
03/26 22:42:49,XRP,0.035,0.965,holding,
03/26 22:42:51,BTC,0.27,0.735,holding,
03/26 22:42:51,ETH,0.825,0.175,holding,
03/26 22:42:51,XRP,0.025,0.975,holding,
03/26 22:42:53,BTC,0.235,0.765,holding,
03/26 22:42:53,ETH,0.825,0.175,holding,
03/26 22:42:53,XRP,0.025,0.975,holding,
03/26 22:42:56,BTC,0.235,0.765,holding,
03/26 22:42:56,ETH,0.835,0.165,holding,
03/26 22:42:56,XRP,0.025,0.975,holding,
03/26 22:42:58,BTC,0.325,0.675,holding,
03/26 22:42:58,ETH,0.905,0.095,holding,
03/26 22:42:58,SOL,0.84,0.16,*** BUY YES @ 84.00% ***,
03/26 22:43:00,XRP,0.035,0.965,holding,
03/26 22:43:03,BTC,0.485,0.515,holding,
03/26 22:43:03,ETH,0.945,0.055,holding,
03/26 22:43:03,SOL,0.88,0.12,holding,
03/26 22:43:03,XRP,0.055,0.945,holding,
03/26 22:43:05,BTC,0.535,0.465,holding,
03/26 22:43:05,ETH,0.955,0.045,holding,
03/26 22:43:05,SOL,0.895,0.105,holding,
03/26 22:43:06,XRP,0.045,0.955,holding,
03/26 22:43:08,BTC,0.485,0.515,holding,
03/26 22:43:08,ETH,0.935,0.065,holding,
03/26 22:43:08,SOL,0.88,0.12,holding,
03/26 22:43:08,XRP,0.04,0.96,holding,
03/26 22:43:10,BTC,0.415,0.585,holding,
03/26 22:43:10,ETH,0.915,0.085,holding,
03/26 22:43:11,SOL,0.855,0.145,holding,
03/26 22:43:11,XRP,0.03,0.97,holding,
03/26 22:43:13,BTC,0.295,0.705,holding,
03/26 22:43:13,ETH,0.875,0.125,holding,
03/26 22:43:13,SOL,0.81,0.195,holding,
03/26 22:43:13,XRP,0.025,0.975,holding,
03/26 22:43:15,BTC,0.355,0.645,holding,
03/26 22:43:15,ETH,0.91,0.09,holding,
03/26 22:43:16,SOL,0.845,0.155,holding,
03/26 22:43:16,XRP,0.025,0.975,holding,
03/26 22:43:18,BTC,0.355,0.645,holding,
03/26 22:43:18,ETH,0.915,0.085,holding,
03/26 22:43:18,SOL,0.85,0.15,holding,
03/26 22:43:18,XRP,0.015,0.985,holding,
03/26 22:43:20,BTC,0.265,0.735,holding,
03/26 22:43:21,ETH,0.865,0.135,holding,
03/26 22:43:21,SOL,0.795,0.205,holding,
03/26 22:43:21,XRP,0.015,0.985,holding,
03/26 22:43:23,BTC,0.315,0.685,holding,
03/26 22:43:23,ETH,0.915,0.085,holding,
03/26 22:43:23,SOL,0.86,0.14,holding,
03/26 22:43:23,XRP,0.02,0.98,holding,
03/26 22:43:25,BTC,0.355,0.645,holding,
03/26 22:43:26,ETH,0.915,0.085,holding,
03/26 22:43:26,SOL,0.865,0.135,holding,
03/26 22:43:26,XRP,0.015,0.985,holding,
03/26 22:43:28,BTC,0.15,0.855,holding,
03/26 22:43:28,ETH,0.82,0.185,holding,
03/26 22:43:28,SOL,0.755,0.245,holding,
03/26 22:43:28,XRP,0.015,0.985,holding,
03/26 22:43:31,BTC,0.145,0.855,holding,
03/26 22:43:31,ETH,0.835,0.17,holding,
03/26 22:43:31,SOL,0.755,0.245,holding,
03/26 22:43:31,XRP,0.015,0.985,holding,
03/26 22:43:33,BTC,0.175,0.83,holding,
03/26 22:43:33,ETH,0.865,0.135,holding,
03/26 22:43:33,SOL,0.8,0.2,holding,
03/26 22:43:33,XRP,0.025,0.975,holding,
03/26 22:43:36,BTC,0.105,0.895,holding,
03/26 22:43:36,ETH,0.815,0.185,holding,
03/26 22:43:36,SOL,0.715,0.29,holding,
03/26 22:43:36,XRP,0.025,0.975,holding,
03/26 22:43:38,BTC,0.065,0.935,holding,
03/26 22:43:38,ETH,0.785,0.215,holding,
03/26 22:43:38,SOL,0.655,0.345,holding,
03/26 22:43:38,XRP,0.025,0.975,holding,
03/26 22:43:41,BTC,0.055,0.945,holding,
03/26 22:43:41,ETH,0.785,0.215,holding,
03/26 22:43:41,SOL,0.635,0.36,holding,
03/26 22:43:41,XRP,0.025,0.975,holding,
03/26 22:43:43,BTC,0.045,0.955,holding,
03/26 22:43:48,ETH,0.935,0.065,holding,
03/26 22:43:49,SOL,0.835,0.165,holding,
03/26 22:43:49,XRP,0.025,0.975,holding,
03/26 22:43:51,BTC,0.135,0.865,holding,
03/26 22:43:51,ETH,0.925,0.075,holding,
03/26 22:43:51,SOL,0.835,0.165,holding,
03/26 22:43:51,XRP,0.025,0.975,holding,
03/26 22:43:53,BTC,0.16,0.84,holding,
03/26 22:43:54,ETH,0.945,0.055,holding,
03/26 22:43:54,SOL,0.885,0.115,holding,
03/26 22:43:54,XRP,0.025,0.975,holding,
03/26 22:43:56,BTC,0.085,0.915,holding,
03/26 22:43:56,ETH,0.935,0.065,holding,
03/26 22:43:56,SOL,0.855,0.145,holding,
03/26 22:43:56,XRP,0.025,0.975,holding,
03/26 22:43:58,BTC,0.115,0.885,holding,
03/26 22:43:59,ETH,0.935,0.065,holding,
03/26 22:43:59,SOL,0.865,0.135,holding,
03/26 22:43:59,XRP,0.025,0.975,holding,
03/26 22:44:01,BTC,0.145,0.855,holding,
03/26 22:44:01,ETH,0.955,0.045,holding,
03/26 22:44:01,SOL,0.91,0.09,holding,
03/26 22:44:01,XRP,0.025,0.975,holding,
03/26 22:44:03,BTC,0.11,0.89,holding,
03/26 22:44:04,ETH,0.945,0.055,holding,
03/26 22:44:04,SOL,0.915,0.085,holding,
03/26 22:44:04,XRP,0.005,0.995,holding,
03/26 22:44:06,BTC,0.105,0.895,holding,
03/26 22:44:06,ETH,0.955,0.045,holding,
03/26 22:44:06,SOL,0.925,0.075,holding,
03/26 22:44:06,XRP,0.005,0.995,holding,
03/26 22:44:08,BTC,0.09,0.91,holding,
03/26 22:44:09,ETH,0.945,0.055,holding,
03/26 22:44:09,SOL,0.925,0.075,holding,
03/26 22:44:09,XRP,0.005,0.995,holding,
03/26 22:44:11,BTC,0.075,0.925,holding,
03/26 22:44:11,ETH,0.935,0.065,holding,
03/26 22:44:11,SOL,0.91,0.09,holding,
03/26 22:44:11,XRP,0.005,0.995,holding,
03/26 22:44:13,BTC,0.045,0.955,holding,
03/26 22:44:14,ETH,0.925,0.075,holding,
03/26 22:44:14,SOL,0.88,0.125,holding,
03/26 22:44:14,XRP,0.005,0.995,holding,
03/26 22:44:16,BTC,0.035,0.965,holding,
03/26 22:44:16,ETH,0.935,0.065,holding,
03/26 22:44:19,SOL,0.85,0.145,holding,
03/26 22:44:19,XRP,0.005,0.995,holding,
03/26 22:44:21,BTC,0.005,0.995,holding,
03/26 22:44:22,ETH,0.735,0.265,holding,
03/26 22:44:22,SOL,0.685,0.315,holding,
03/26 22:44:22,XRP,0.005,0.995,holding,
03/26 22:44:24,BTC,0.005,0.995,holding,
03/26 22:44:24,ETH,0.755,0.245,holding,
03/26 22:44:24,SOL,0.665,0.335,holding,
03/26 22:44:24,XRP,0.005,0.995,holding,
03/26 22:44:26,BTC,0.005,0.995,holding,
03/26 22:44:26,ETH,0.785,0.22,holding,
03/26 22:44:26,SOL,0.635,0.365,holding,
03/26 22:44:27,XRP,0.005,0.995,holding,
03/26 22:44:29,BTC,0.005,0.995,holding,
03/26 22:44:29,ETH,0.785,0.215,holding,
03/26 22:44:29,SOL,0.64,0.36,holding,
03/26 22:44:29,XRP,0.005,0.995,holding,
03/26 22:44:31,BTC,0.005,0.995,holding,
03/26 22:44:31,ETH,0.845,0.155,holding,
03/26 22:44:31,SOL,0.645,0.355,holding,
03/26 22:44:31,XRP,0.005,0.995,holding,
03/26 22:44:33,BTC,0.005,0.995,holding,
03/26 22:44:33,ETH,0.865,0.135,holding,
03/26 22:44:34,SOL,0.645,0.355,holding,
03/26 22:44:34,XRP,0.005,0.995,holding,
03/26 22:44:36,BTC,0.005,0.995,holding,
03/26 22:44:36,ETH,0.865,0.135,holding,
03/26 22:44:36,SOL,0.635,0.365,holding,
03/26 22:44:36,XRP,0.005,0.995,holding,
03/26 22:44:38,BTC,0.005,0.995,holding,
03/26 22:44:38,ETH,0.925,0.075,holding,
03/26 22:44:38,SOL,0.74,0.26,holding,
03/26 22:44:38,XRP,0.005,0.995,holding,
03/26 22:44:41,BTC,0.005,0.995,holding,
03/26 22:44:41,ETH,0.935,0.065,holding,
03/26 22:44:41,SOL,0.76,0.24,holding,
03/26 22:44:41,XRP,0.005,0.995,holding,
03/26 22:44:43,BTC,0.005,0.995,holding,
03/26 22:44:43,ETH,0.905,0.095,holding,
03/26 22:44:43,SOL,0.685,0.32,holding,
03/26 22:44:43,XRP,0.005,0.995,holding,
03/26 22:44:45,BTC,0.005,0.995,holding,
03/26 22:44:46,ETH,0.805,0.195,holding,
03/26 22:44:46,SOL,0.545,0.46,holding,
03/26 22:44:46,XRP,0.005,0.995,holding,
03/26 22:44:48,BTC,0.005,0.995,holding,
03/26 22:44:48,ETH,0.945,0.055,holding,
03/26 22:44:48,SOL,0.73,0.27,holding,
03/26 22:44:48,XRP,0.005,0.995,holding,
03/26 22:44:50,BTC,0.005,0.995,holding,
03/26 22:44:50,ETH,0.965,0.035,holding,
03/26 22:44:50,SOL,0.78,0.22,holding,
03/26 22:44:50,XRP,0.005,0.995,holding,
03/26 22:44:53,BTC,0.005,0.995,holding,
03/26 22:44:53,ETH,0.985,0.015,holding,
03/26 22:44:53,SOL,0.96,0.04,holding,
03/26 22:44:53,XRP,0.005,0.995,holding,
03/26 22:44:55,BTC,0.005,0.995,holding,
03/26 22:44:55,ETH,0.995,0.005,holding,
03/26 22:44:55,SOL,0.95,0.05,holding,
03/26 22:44:56,XRP,0.005,0.995,holding,
03/26 22:44:58,BTC,0.005,0.995,holding,
03/26 22:44:58,SOL,0.995,0.005,*** SELL YES @ 99.50% ***,
03/26 22:45:00,ETH,0.995,0.005,holding,
03/26 22:45:00,SOL,0.995,0.005,holding,
03/26 22:45:00,XRP,0.005,0.995,holding,
03/26 22:55:59,XRP,0.165,0.835,*** BUY NO @ 83.50% ***,
03/26 22:56:09,XRP,0.1,0.9,holding,
03/26 22:56:12,XRP,0.1,0.9,holding,
03/26 22:56:15,XRP,0.095,0.905,holding,
03/26 22:56:19,XRP,0.165,0.835,holding,
03/26 22:56:22,ETH,0.185,0.815,*** BUY NO @ 81.50% ***,
03/26 22:56:27,XRP,0.27,0.735,holding,
03/26 22:56:29,ETH,0.245,0.755,holding,
03/26 22:56:30,SOL,0.188,0.812,*** BUY NO @ 81.20% ***,
03/26 22:56:35,XRP,0.245,0.755,holding,
03/26 22:56:37,ETH,0.295,0.705,holding,
03/26 22:56:38,SOL,0.2195,0.7835,holding,
03/26 22:56:38,XRP,0.325,0.675,holding,
03/26 22:56:40,ETH,0.305,0.695,holding,
03/26 22:56:41,SOL,0.239,0.762,holding,
03/26 22:56:41,XRP,0.335,0.665,holding,
03/26 22:56:44,ETH,0.355,0.645,holding,
03/26 22:56:44,SOL,0.302,0.698,holding,
03/26 22:56:44,XRP,0.34,0.665,holding,
03/26 22:56:47,ETH,0.285,0.715,holding,
03/26 22:56:47,SOL,0.218,0.7725,holding,
03/26 22:56:48,XRP,0.305,0.69,holding,
03/26 22:56:51,ETH,0.255,0.745,holding,
03/26 22:56:51,SOL,0.2085,0.8045,holding,
03/26 22:56:51,XRP,0.24,0.76,holding,
03/26 22:56:54,ETH,0.315,0.685,holding,
03/26 22:56:54,SOL,0.228,0.772,holding,
03/26 22:56:55,XRP,0.28,0.72,holding,
03/26 22:56:57,ETH,0.275,0.725,holding,
03/26 22:56:58,SOL,0.216,0.781,holding,
03/26 22:56:58,XRP,0.27,0.73,holding,
03/26 22:57:01,ETH,0.195,0.805,holding,
03/26 22:57:01,SOL,0.1475,0.851,holding,
03/26 22:57:01,XRP,0.21,0.79,holding,
03/26 22:57:04,BTC,0.185,0.815,*** BUY NO @ 81.50% ***,
03/26 22:57:07,ETH,0.145,0.855,holding,
03/26 22:57:07,SOL,0.0845,0.9155,holding,
03/26 22:57:08,XRP,0.1,0.9,holding,
03/26 22:57:10,BTC,0.095,0.905,holding,
03/26 22:57:10,ETH,0.145,0.855,holding,
03/26 22:57:11,SOL,0.0715,0.9285,holding,
03/26 22:57:11,XRP,0.1,0.905,holding,
03/26 22:57:14,BTC,0.095,0.905,holding,
03/26 22:57:14,ETH,0.125,0.875,holding,
03/26 22:57:14,SOL,0.075,0.93,holding,
03/26 22:57:15,XRP,0.105,0.895,holding,
03/26 22:57:17,BTC,0.065,0.935,holding,
03/26 22:57:17,ETH,0.13,0.87,holding,
03/26 22:57:18,SOL,0.062,0.9385,holding,
03/26 22:57:18,XRP,0.11,0.89,holding,
03/26 22:57:20,BTC,0.085,0.915,holding,
03/26 22:57:21,ETH,0.145,0.855,holding,
03/26 22:57:21,SOL,0.08,0.925,holding,
03/26 22:57:21,XRP,0.125,0.875,holding,
03/26 22:57:24,BTC,0.105,0.895,holding,
03/26 22:57:24,ETH,0.135,0.87,holding,
03/26 22:57:24,SOL,0.0675,0.9335,holding,
03/26 22:57:25,XRP,0.1,0.9,holding,
03/26 22:57:27,BTC,0.075,0.925,holding,
03/26 22:57:27,ETH,0.095,0.905,holding,
03/26 22:57:28,SOL,0.0455,0.9545,holding,
03/26 22:57:28,XRP,0.055,0.945,holding,
03/26 22:57:30,BTC,0.035,0.965,holding,
03/26 22:57:31,ETH,0.075,0.925,holding,
03/26 22:57:31,SOL,0.046,0.9535,holding,
03/26 22:57:31,XRP,0.065,0.935,holding,
03/26 22:57:34,BTC,0.055,0.94,holding,
03/26 22:57:34,ETH,0.095,0.905,holding,
03/26 22:57:34,SOL,0.0495,0.9505,holding,
03/26 22:57:35,XRP,0.075,0.925,holding,
03/26 22:57:37,BTC,0.045,0.955,holding,
03/26 22:57:37,ETH,0.085,0.915,holding,
03/26 22:57:38,SOL,0.0475,0.9525,holding,
03/26 22:57:38,XRP,0.06,0.94,holding,
03/26 22:57:40,BTC,0.045,0.955,holding,
03/26 22:57:41,ETH,0.105,0.885,holding,
03/26 22:57:41,SOL,0.0525,0.9475,holding,
03/26 22:57:41,XRP,0.075,0.925,holding,
03/26 22:57:44,BTC,0.045,0.955,holding,
03/26 22:57:44,ETH,0.105,0.895,holding,
03/26 22:57:44,SOL,0.065,0.935,holding,
03/26 22:57:45,XRP,0.07,0.93,holding,
03/26 22:57:47,BTC,0.055,0.945,holding,
03/26 22:57:47,ETH,0.115,0.885,holding,
03/26 22:57:48,SOL,0.059,0.941,holding,
03/26 22:57:48,XRP,0.095,0.91,holding,
03/26 22:57:50,BTC,0.06,0.94,holding,
03/26 22:57:51,ETH,0.205,0.785,holding,
03/26 22:57:51,SOL,0.0785,0.9225,holding,
03/26 22:57:51,XRP,0.095,0.905,holding,
03/26 22:57:54,BTC,0.085,0.915,holding,
03/26 22:57:54,ETH,0.235,0.765,holding,
03/26 22:57:54,SOL,0.085,0.915,holding,
03/26 22:57:55,XRP,0.09,0.91,holding,
03/26 22:57:57,BTC,0.065,0.935,holding,
03/26 22:57:57,ETH,0.205,0.795,holding,
03/26 22:57:58,SOL,0.0735,0.927,holding,
03/26 22:57:58,XRP,0.09,0.91,holding,
03/26 22:58:00,BTC,0.085,0.915,holding,
03/26 22:58:01,ETH,0.305,0.695,holding,
03/26 22:58:01,SOL,0.1355,0.857,holding,
03/26 22:58:01,XRP,0.12,0.88,holding,
03/26 22:58:04,BTC,0.055,0.945,holding,
03/26 22:58:04,ETH,0.195,0.805,holding,
03/26 22:58:05,SOL,0.0765,0.9235,holding,
03/26 22:58:05,XRP,0.11,0.89,holding,
03/26 22:58:07,BTC,0.055,0.945,holding,
03/26 22:58:08,ETH,0.205,0.795,holding,
03/26 22:58:08,SOL,0.082,0.918,holding,
03/26 22:58:08,XRP,0.11,0.89,holding,
03/26 22:58:11,BTC,0.065,0.935,holding,
03/26 22:58:11,ETH,0.27,0.735,holding,
03/26 22:58:11,SOL,0.075,0.925,holding,
03/26 22:58:11,XRP,0.125,0.875,holding,
03/26 22:58:14,BTC,0.055,0.945,holding,
03/26 22:58:14,ETH,0.225,0.775,holding,
03/26 22:58:14,SOL,0.06,0.94,holding,
03/26 22:58:15,XRP,0.13,0.87,holding,
03/26 22:58:17,BTC,0.045,0.955,holding,
03/26 22:58:17,ETH,0.165,0.835,holding,
03/26 22:58:18,SOL,0.0425,0.9565,holding,
03/26 22:58:18,XRP,0.095,0.905,holding,
03/26 22:58:20,BTC,0.035,0.965,holding,
03/26 22:58:21,ETH,0.115,0.885,holding,
03/26 22:58:21,SOL,0.033,0.967,holding,
03/26 22:58:21,XRP,0.075,0.925,holding,
03/26 22:58:24,BTC,0.07,0.93,holding,
03/26 22:58:24,ETH,0.295,0.705,holding,
03/26 22:58:24,SOL,0.07,0.93,holding,
03/26 22:58:24,XRP,0.115,0.885,holding,
03/26 22:58:27,BTC,0.055,0.945,holding,
03/26 22:58:27,ETH,0.265,0.735,holding,
03/26 22:58:27,SOL,0.05,0.95,holding,
03/26 22:58:28,XRP,0.105,0.895,holding,
03/26 22:58:30,BTC,0.13,0.87,holding,
03/26 22:58:30,ETH,0.385,0.615,holding,
03/26 22:58:31,SOL,0.1085,0.8915,holding,
03/26 22:58:31,XRP,0.245,0.755,holding,
03/26 22:58:33,BTC,0.475,0.525,holding,
03/26 22:58:34,ETH,0.615,0.385,holding,
03/26 22:58:34,SOL,0.2595,0.738,holding,
03/26 22:58:34,XRP,0.34,0.66,holding,
03/26 22:58:37,BTC,0.385,0.615,holding,
03/26 22:58:37,ETH,0.56,0.435,holding,
03/26 22:58:37,SOL,0.235,0.765,holding,
03/26 22:58:38,XRP,0.215,0.785,holding,
03/26 22:58:40,BTC,0.245,0.755,holding,
03/26 22:58:40,ETH,0.445,0.555,holding,
03/26 22:58:41,SOL,0.1175,0.8825,holding,
03/26 22:58:41,XRP,0.265,0.735,holding,
03/26 22:58:43,BTC,0.505,0.495,holding,
03/26 22:58:44,ETH,0.555,0.445,holding,
03/26 22:58:44,SOL,0.181,0.819,holding,
03/26 22:58:44,XRP,0.205,0.76,holding,
03/26 22:58:45,ETH,0.68,0.315,*** CUT-LOSS NO @ 32.50% ***,
03/26 22:58:49,ETH,0.735,0.265,*** FLIP BUY YES @ 73.50% ***,
03/26 22:58:52,BTC,0.675,0.325,*** CUT-LOSS NO @ 32.50% ***,
03/26 22:58:55,BTC,0.745,0.255,*** FLIP BUY YES @ 72.50% ***,
03/26 22:58:59,BTC,0.665,0.335,holding,
03/26 22:58:59,ETH,0.695,0.305,holding,
03/26 22:59:00,SOL,0.35,0.65,holding,
03/26 22:59:00,XRP,0.335,0.665,holding,
03/26 22:59:03,BTC,0.625,0.375,holding,
03/26 22:59:03,ETH,0.725,0.275,holding,
03/26 22:59:03,SOL,0.34,0.66,holding,
03/26 22:59:04,XRP,0.34,0.65,holding,
03/26 22:59:06,BTC,0.585,0.405,holding,
03/26 22:59:07,ETH,0.665,0.335,holding,
03/26 22:59:07,SOL,0.243,0.757,holding,
03/26 22:59:07,XRP,0.3,0.705,holding,
03/26 22:59:10,BTC,0.565,0.435,holding,
03/26 22:59:10,ETH,0.625,0.375,holding,
03/26 22:59:11,SOL,0.1975,0.8025,holding,
03/26 22:59:11,XRP,0.22,0.78,holding,
03/26 22:59:13,BTC,0.565,0.435,holding,
03/26 22:59:14,ETH,0.655,0.345,holding,
03/26 22:59:14,SOL,0.1875,0.8125,holding,
03/26 22:59:14,XRP,0.205,0.795,holding,
03/26 22:59:17,BTC,0.575,0.425,holding,
03/26 22:59:17,ETH,0.555,0.445,holding,
03/26 22:59:18,SOL,0.105,0.895,holding,
03/26 22:59:18,XRP,0.1,0.925,holding,
03/26 22:59:21,BTC,0.315,0.685,holding,
03/26 22:59:21,ETH,0.505,0.495,holding,
03/26 22:59:21,SOL,0.0605,0.9395,holding,
03/26 22:59:22,XRP,0.065,0.935,holding,
03/26 22:59:24,BTC,0.205,0.795,holding,
03/26 22:59:24,XRP,0.025,0.975,*** SELL NO @ 97.50% ***,
03/26 22:59:26,ETH,0.415,0.585,holding,
03/26 22:59:27,SOL,0.0415,0.9585,holding,
03/26 22:59:27,XRP,0.015,0.985,holding,
03/26 22:59:29,BTC,0.175,0.825,holding,
03/26 22:59:30,ETH,0.34,0.655,holding,
03/26 22:59:30,SOL,0.035,0.965,holding,
03/26 22:59:30,XRP,0.015,0.985,holding,
03/26 22:59:31,SOL,0.022,0.9785,*** SELL NO @ 97.70% ***,
03/26 22:59:37,BTC,0.07,0.93,holding,
03/26 22:59:38,ETH,0.115,0.885,holding,
03/26 22:59:38,SOL,0.0015,0.9985,holding,
03/26 22:59:38,XRP,0.005,0.995,holding,
03/26 22:59:41,BTC,0.025,0.975,holding,
03/26 22:59:41,ETH,0.015,0.985,holding,
03/26 22:59:41,SOL,0.0015,0.9985,holding,
03/26 22:59:42,XRP,0.005,0.995,holding,
03/26 22:59:44,BTC,0.02,0.985,holding,
03/26 22:59:44,ETH,0.025,0.975,holding,
03/26 22:59:44,SOL,0.0015,0.9985,holding,
03/26 22:59:45,XRP,0.005,0.995,holding,
03/26 22:59:47,BTC,0.015,0.985,holding,
03/26 22:59:47,ETH,0.015,0.985,holding,
03/26 22:59:48,SOL,0.005,0.995,holding,
03/26 22:59:48,XRP,0.005,0.995,holding,
03/26 22:59:50,BTC,0.035,0.965,holding,
03/26 22:59:51,ETH,0.015,0.985,holding,
03/26 22:59:51,SOL,0.005,0.995,holding,
03/26 22:59:51,XRP,0.005,0.995,holding,
03/26 22:59:54,BTC,0.005,0.995,holding,
03/26 22:59:54,ETH,0.015,0.985,holding,
03/26 22:59:54,SOL,0.0055,0.9945,holding,
03/26 22:59:55,XRP,0.005,0.995,holding,
03/26 22:59:57,BTC,0.005,0.995,holding,
03/26 22:59:57,ETH,0.005,0.995,holding,
03/26 22:59:58,SOL,0.0005,0.9995,holding,
03/26 22:59:58,XRP,0.005,0.995,holding,